--------------------------------------------------------
--  File created - Wednesday-November-23-2022   
--------------------------------------------------------
--------------------------------------------------------
--  DDL for Table TBL_HOA_DON
--------------------------------------------------------

  CREATE TABLE "SYSTEM"."TBL_HOA_DON" 
   (	"ID" NUMBER(*,0) GENERATED BY DEFAULT AS IDENTITY MINVALUE 1 MAXVALUE 9999999999999999999999999999 INCREMENT BY 1 START WITH 1 CACHE 20 NOORDER  NOCYCLE  NOKEEP  NOSCALE , 
	"NGAY_BAN" DATE, 
	"NAME_NN" NVARCHAR2(50), 
	"ADDRESS" NVARCHAR2(100), 
	"STATUS" NUMBER(1,0), 
	"MA_KH" NUMBER(*,0), 
	"SDT" VARCHAR2(12 BYTE)
   ) PCTFREE 10 PCTUSED 40 INITRANS 1 MAXTRANS 255 
 NOCOMPRESS LOGGING
  STORAGE(INITIAL 65536 NEXT 1048576 MINEXTENTS 1 MAXEXTENTS 2147483645
  PCTINCREASE 0 FREELISTS 1 FREELIST GROUPS 1
  BUFFER_POOL DEFAULT FLASH_CACHE DEFAULT CELL_FLASH_CACHE DEFAULT)
  TABLESPACE "SYSTEM" ;
--------------------------------------------------------
--  DDL for Table TBL_KHACH_HANG
--------------------------------------------------------

  CREATE TABLE "SYSTEM"."TBL_KHACH_HANG" 
   (	"IDKH" NUMBER(*,0) GENERATED BY DEFAULT AS IDENTITY MINVALUE 1 MAXVALUE 9999999999999999999999999999 INCREMENT BY 1 START WITH 1 CACHE 20 NOORDER  NOCYCLE  NOKEEP  NOSCALE , 
	"NAME" NVARCHAR2(50), 
	"ACCOUNT" NVARCHAR2(100), 
	"PASSWORD" VARCHAR2(200 BYTE), 
	"ADDRESS" NVARCHAR2(100), 
	"CALL" VARCHAR2(11 BYTE), 
	"EMAIL" VARCHAR2(30 BYTE), 
	"BIRTHDAY" DATE, 
	"GENDER" NUMBER(1,0), 
	"STATUS" NUMBER(1,0)
   ) PCTFREE 10 PCTUSED 40 INITRANS 1 MAXTRANS 255 
 NOCOMPRESS LOGGING
  STORAGE(INITIAL 65536 NEXT 1048576 MINEXTENTS 1 MAXEXTENTS 2147483645
  PCTINCREASE 0 FREELISTS 1 FREELIST GROUPS 1
  BUFFER_POOL DEFAULT FLASH_CACHE DEFAULT CELL_FLASH_CACHE DEFAULT)
  TABLESPACE "SYSTEM" ;
--------------------------------------------------------
--  DDL for Table TBL_LIEN_HE
--------------------------------------------------------

  CREATE TABLE "SYSTEM"."TBL_LIEN_HE" 
   (	"ID" NUMBER(*,0) GENERATED BY DEFAULT AS IDENTITY MINVALUE 1 MAXVALUE 9999999999999999999999999999 INCREMENT BY 1 START WITH 1 CACHE 20 NOORDER  NOCYCLE  NOKEEP  NOSCALE , 
	"TITLE" NVARCHAR2(50), 
	"ADDRESS" NVARCHAR2(50), 
	"CALL" VARCHAR2(12 BYTE), 
	"EMAIL" VARCHAR2(100 BYTE), 
	"FACEBOOK" VARCHAR2(100 BYTE), 
	"LOGO" VARCHAR2(100 BYTE), 
	"STATUS" NUMBER(1,0)
   ) PCTFREE 10 PCTUSED 40 INITRANS 1 MAXTRANS 255 
 NOCOMPRESS LOGGING
  STORAGE(INITIAL 65536 NEXT 1048576 MINEXTENTS 1 MAXEXTENTS 2147483645
  PCTINCREASE 0 FREELISTS 1 FREELIST GROUPS 1
  BUFFER_POOL DEFAULT FLASH_CACHE DEFAULT CELL_FLASH_CACHE DEFAULT)
  TABLESPACE "SYSTEM" ;
--------------------------------------------------------
--  DDL for Table TBL_NHAN_HIEU
--------------------------------------------------------

  CREATE TABLE "SYSTEM"."TBL_NHAN_HIEU" 
   (	"IDNH" NUMBER(*,0) GENERATED BY DEFAULT AS IDENTITY MINVALUE 1 MAXVALUE 9999999999999999999999999999 INCREMENT BY 1 START WITH 1 CACHE 20 NOORDER  NOCYCLE  NOKEEP  NOSCALE , 
	"NAME_BRAND" NVARCHAR2(50), 
	"STATUS" NUMBER(1,0)
   ) PCTFREE 10 PCTUSED 40 INITRANS 1 MAXTRANS 255 
 NOCOMPRESS LOGGING
  STORAGE(INITIAL 65536 NEXT 1048576 MINEXTENTS 1 MAXEXTENTS 2147483645
  PCTINCREASE 0 FREELISTS 1 FREELIST GROUPS 1
  BUFFER_POOL DEFAULT FLASH_CACHE DEFAULT CELL_FLASH_CACHE DEFAULT)
  TABLESPACE "SYSTEM" ;
--------------------------------------------------------
--  DDL for Table TBL_MAU_SAC
--------------------------------------------------------

  CREATE TABLE "SYSTEM"."TBL_MAU_SAC" 
   (	"ID" NUMBER(*,0) GENERATED BY DEFAULT AS IDENTITY MINVALUE 1 MAXVALUE 9999999999999999999999999999 INCREMENT BY 1 START WITH 1 CACHE 20 NOORDER  NOCYCLE  NOKEEP  NOSCALE , 
	"NAME" NVARCHAR2(50), 
	"STATUS" NUMBER(1,0)
   ) PCTFREE 10 PCTUSED 40 INITRANS 1 MAXTRANS 255 
 NOCOMPRESS LOGGING
  STORAGE(INITIAL 65536 NEXT 1048576 MINEXTENTS 1 MAXEXTENTS 2147483645
  PCTINCREASE 0 FREELISTS 1 FREELIST GROUPS 1
  BUFFER_POOL DEFAULT FLASH_CACHE DEFAULT CELL_FLASH_CACHE DEFAULT)
  TABLESPACE "SYSTEM" ;
--------------------------------------------------------
--  DDL for Table TBL_LOAI_SAN_PHAM
--------------------------------------------------------

  CREATE TABLE "SYSTEM"."TBL_LOAI_SAN_PHAM" 
   (	"IDTYPE" NUMBER(*,0) GENERATED BY DEFAULT AS IDENTITY MINVALUE 1 MAXVALUE 9999999999999999999999999999 INCREMENT BY 1 START WITH 1 CACHE 20 NOORDER  NOCYCLE  NOKEEP  NOSCALE , 
	"NAME_TYPE" NVARCHAR2(50), 
	"STATUS" NUMBER(1,0)
   ) PCTFREE 10 PCTUSED 40 INITRANS 1 MAXTRANS 255 
 NOCOMPRESS LOGGING
  STORAGE(INITIAL 65536 NEXT 1048576 MINEXTENTS 1 MAXEXTENTS 2147483645
  PCTINCREASE 0 FREELISTS 1 FREELIST GROUPS 1
  BUFFER_POOL DEFAULT FLASH_CACHE DEFAULT CELL_FLASH_CACHE DEFAULT)
  TABLESPACE "SYSTEM" ;
--------------------------------------------------------
--  DDL for Table TBL_KICH_CO
--------------------------------------------------------

  CREATE TABLE "SYSTEM"."TBL_KICH_CO" 
   (	"ID" NUMBER(*,0) GENERATED BY DEFAULT AS IDENTITY MINVALUE 1 MAXVALUE 9999999999999999999999999999 INCREMENT BY 1 START WITH 1 CACHE 20 NOORDER  NOCYCLE  NOKEEP  NOSCALE , 
	"NAME" NVARCHAR2(50), 
	"STATUS" NUMBER(1,0)
   ) PCTFREE 10 PCTUSED 40 INITRANS 1 MAXTRANS 255 
 NOCOMPRESS LOGGING
  STORAGE(INITIAL 65536 NEXT 1048576 MINEXTENTS 1 MAXEXTENTS 2147483645
  PCTINCREASE 0 FREELISTS 1 FREELIST GROUPS 1
  BUFFER_POOL DEFAULT FLASH_CACHE DEFAULT CELL_FLASH_CACHE DEFAULT)
  TABLESPACE "SYSTEM" ;
--------------------------------------------------------
--  DDL for Table TBL_SAN_PHAM
--------------------------------------------------------

  CREATE TABLE "SYSTEM"."TBL_SAN_PHAM" 
   (	"IDSP" NUMBER(*,0) GENERATED BY DEFAULT AS IDENTITY MINVALUE 1 MAXVALUE 9999999999999999999999999999 INCREMENT BY 1 START WITH 1 CACHE 20 NOORDER  NOCYCLE  NOKEEP  NOSCALE , 
	"NAME" NVARCHAR2(100), 
	"DESCRIPE" NVARCHAR2(1000), 
	"INFORMATION" NVARCHAR2(1000), 
	"PRICE_IMPORT" FLOAT(126), 
	"PRICE_OLD" FLOAT(126), 
	"PRICE_NEW" FLOAT(126), 
	"QUANTITY" NUMBER(*,0), 
	"UPDATE_DAY" DATE, 
	"STATUS" NUMBER(1,0), 
	"IDTYPE" NUMBER(*,0), 
	"IDNH" NUMBER(*,0), 
	"IMG" VARCHAR2(300 BYTE)
   ) PCTFREE 10 PCTUSED 40 INITRANS 1 MAXTRANS 255 
 NOCOMPRESS LOGGING
  STORAGE(INITIAL 65536 NEXT 1048576 MINEXTENTS 1 MAXEXTENTS 2147483645
  PCTINCREASE 0 FREELISTS 1 FREELIST GROUPS 1
  BUFFER_POOL DEFAULT FLASH_CACHE DEFAULT CELL_FLASH_CACHE DEFAULT)
  TABLESPACE "SYSTEM" ;
--------------------------------------------------------
--  DDL for Table TBL_SAN_PHAM_CT
--------------------------------------------------------

  CREATE TABLE "SYSTEM"."TBL_SAN_PHAM_CT" 
   (	"ID" NUMBER(*,0) GENERATED BY DEFAULT AS IDENTITY MINVALUE 1 MAXVALUE 9999999999999999999999999999 INCREMENT BY 1 START WITH 1 CACHE 20 NOORDER  NOCYCLE  NOKEEP  NOSCALE , 
	"AMOUNT" NUMBER(*,0), 
	"MA_MS" NUMBER(*,0), 
	"MA_KC" NUMBER(*,0), 
	"MA_SP" NUMBER(*,0)
   ) PCTFREE 10 PCTUSED 40 INITRANS 1 MAXTRANS 255 
 NOCOMPRESS LOGGING
  STORAGE(INITIAL 65536 NEXT 1048576 MINEXTENTS 1 MAXEXTENTS 2147483645
  PCTINCREASE 0 FREELISTS 1 FREELIST GROUPS 1
  BUFFER_POOL DEFAULT FLASH_CACHE DEFAULT CELL_FLASH_CACHE DEFAULT)
  TABLESPACE "SYSTEM" ;
--------------------------------------------------------
--  DDL for Table TBL_USER
--------------------------------------------------------

  CREATE TABLE "SYSTEM"."TBL_USER" 
   (	"USER_ID" NUMBER(*,0) GENERATED BY DEFAULT AS IDENTITY MINVALUE 1 MAXVALUE 9999999999999999999999999999 INCREMENT BY 1 START WITH 1 CACHE 20 NOORDER  NOCYCLE  NOKEEP  NOSCALE , 
	"USER_NAME" NVARCHAR2(50), 
	"PASSWORD" VARCHAR2(100 BYTE), 
	"FULL_NAME" NVARCHAR2(50), 
	"ENABLED" NUMBER(*,0)
   ) PCTFREE 10 PCTUSED 40 INITRANS 1 MAXTRANS 255 
 NOCOMPRESS LOGGING
  STORAGE(INITIAL 65536 NEXT 1048576 MINEXTENTS 1 MAXEXTENTS 2147483645
  PCTINCREASE 0 FREELISTS 1 FREELIST GROUPS 1
  BUFFER_POOL DEFAULT FLASH_CACHE DEFAULT CELL_FLASH_CACHE DEFAULT)
  TABLESPACE "SYSTEM" ;
--------------------------------------------------------
--  DDL for Table TBL_USER_ROLE
--------------------------------------------------------

  CREATE TABLE "SYSTEM"."TBL_USER_ROLE" 
   (	"ID" NUMBER(*,0) GENERATED BY DEFAULT AS IDENTITY MINVALUE 1 MAXVALUE 9999999999999999999999999999 INCREMENT BY 1 START WITH 1 CACHE 20 NOORDER  NOCYCLE  NOKEEP  NOSCALE , 
	"USER_ID" NUMBER(*,0), 
	"ROLE_ID" NUMBER(*,0)
   ) PCTFREE 10 PCTUSED 40 INITRANS 1 MAXTRANS 255 
 NOCOMPRESS LOGGING
  STORAGE(INITIAL 65536 NEXT 1048576 MINEXTENTS 1 MAXEXTENTS 2147483645
  PCTINCREASE 0 FREELISTS 1 FREELIST GROUPS 1
  BUFFER_POOL DEFAULT FLASH_CACHE DEFAULT CELL_FLASH_CACHE DEFAULT)
  TABLESPACE "SYSTEM" ;
--------------------------------------------------------
--  DDL for Table TBL_ROLES
--------------------------------------------------------

  CREATE TABLE "SYSTEM"."TBL_ROLES" 
   (	"ROLE_ID" NUMBER(*,0) GENERATED BY DEFAULT AS IDENTITY MINVALUE 1 MAXVALUE 9999999999999999999999999999 INCREMENT BY 1 START WITH 1 CACHE 20 NOORDER  NOCYCLE  NOKEEP  NOSCALE , 
	"NAME" NVARCHAR2(45)
   ) PCTFREE 10 PCTUSED 40 INITRANS 1 MAXTRANS 255 
 NOCOMPRESS LOGGING
  STORAGE(INITIAL 65536 NEXT 1048576 MINEXTENTS 1 MAXEXTENTS 2147483645
  PCTINCREASE 0 FREELISTS 1 FREELIST GROUPS 1
  BUFFER_POOL DEFAULT FLASH_CACHE DEFAULT CELL_FLASH_CACHE DEFAULT)
  TABLESPACE "SYSTEM" ;
--------------------------------------------------------
--  DDL for Table TBL_PHAN_HOI
--------------------------------------------------------

  CREATE TABLE "SYSTEM"."TBL_PHAN_HOI" 
   (	"ID" NUMBER(*,0) GENERATED BY DEFAULT AS IDENTITY MINVALUE 1 MAXVALUE 9999999999999999999999999999 INCREMENT BY 1 START WITH 1 CACHE 20 NOORDER  NOCYCLE  NOKEEP  NOSCALE , 
	"TITLE" NVARCHAR2(100), 
	"CONTENT" NVARCHAR2(100), 
	"DAY_GUI" DATE, 
	"EMAIL" VARCHAR2(100 BYTE), 
	"FACEBOOK" VARCHAR2(100 BYTE), 
	"TRA_LOI" NVARCHAR2(100), 
	"STATUS" NUMBER(1,0), 
	"WATCHES" NUMBER(1,0)
   ) PCTFREE 10 PCTUSED 40 INITRANS 1 MAXTRANS 255 
 NOCOMPRESS LOGGING
  STORAGE(INITIAL 65536 NEXT 1048576 MINEXTENTS 1 MAXEXTENTS 2147483645
  PCTINCREASE 0 FREELISTS 1 FREELIST GROUPS 1
  BUFFER_POOL DEFAULT FLASH_CACHE DEFAULT CELL_FLASH_CACHE DEFAULT)
  TABLESPACE "SYSTEM" ;
--------------------------------------------------------
--  DDL for Table TBL_TIN_TUC
--------------------------------------------------------

  CREATE TABLE "SYSTEM"."TBL_TIN_TUC" 
   (	"ID" NUMBER(*,0) GENERATED BY DEFAULT AS IDENTITY MINVALUE 1 MAXVALUE 9999999999999999999999999999 INCREMENT BY 1 START WITH 1 CACHE 20 NOORDER  NOCYCLE  NOKEEP  NOSCALE , 
	"TITLE" NVARCHAR2(100), 
	"DESCRIPE" NVARCHAR2(100), 
	"CONTENT" NVARCHAR2(200), 
	"TYPE_TIN" NVARCHAR2(50), 
	"DAY_TIN" DATE, 
	"IMG" VARCHAR2(300 BYTE), 
	"STATUS" NUMBER(1,0)
   ) PCTFREE 10 PCTUSED 40 INITRANS 1 MAXTRANS 255 
 NOCOMPRESS LOGGING
  STORAGE(INITIAL 65536 NEXT 1048576 MINEXTENTS 1 MAXEXTENTS 2147483645
  PCTINCREASE 0 FREELISTS 1 FREELIST GROUPS 1
  BUFFER_POOL DEFAULT FLASH_CACHE DEFAULT CELL_FLASH_CACHE DEFAULT)
  TABLESPACE "SYSTEM" ;
REM INSERTING into SYSTEM.TBL_HOA_DON
SET DEFINE OFF;
Insert into SYSTEM.TBL_HOA_DON (ID,NGAY_BAN,NAME_NN,ADDRESS,STATUS,MA_KH,SDT) values (47,to_date('28-OCT-22','DD-MON-RR'),'Đỗ Đức Mạnh','Hoằng Lộc',1,21,'0969309708');
Insert into SYSTEM.TBL_HOA_DON (ID,NGAY_BAN,NAME_NN,ADDRESS,STATUS,MA_KH,SDT) values (61,to_date('29-OCT-22','DD-MON-RR'),'Đỗ Đức Mạnh','Hoằng trạch',0,21,'0969309708');
Insert into SYSTEM.TBL_HOA_DON (ID,NGAY_BAN,NAME_NN,ADDRESS,STATUS,MA_KH,SDT) values (62,to_date('29-OCT-22','DD-MON-RR'),'Đỗ Đức Mạnh','Số 25 Ngách 32 Ngõ 65 Đỗ Đức Dục',0,21,'0969999999');
Insert into SYSTEM.TBL_HOA_DON (ID,NGAY_BAN,NAME_NN,ADDRESS,STATUS,MA_KH,SDT) values (63,to_date('29-OCT-22','DD-MON-RR'),'Nguyễn Thị Kiều Lệ','Đường Phạm Văn Đồng',0,41,'0394828895');
Insert into SYSTEM.TBL_HOA_DON (ID,NGAY_BAN,NAME_NN,ADDRESS,STATUS,MA_KH,SDT) values (64,to_date('29-OCT-22','DD-MON-RR'),'Đỗ Đức Mạnh','Ngõ 198 Phạm Văn Đồng',0,21,'0394828895');
Insert into SYSTEM.TBL_HOA_DON (ID,NGAY_BAN,NAME_NN,ADDRESS,STATUS,MA_KH,SDT) values (81,to_date('01-NOV-22','DD-MON-RR'),'Nguyễn Thị Kiều Lệ','Hoằng Thịnh',0,41,'0969309709');
Insert into SYSTEM.TBL_HOA_DON (ID,NGAY_BAN,NAME_NN,ADDRESS,STATUS,MA_KH,SDT) values (82,to_date('01-NOV-22','DD-MON-RR'),'Nguyễn Thị Kiều Lệ','Hoằng Thịnh',0,41,'0969309708');
Insert into SYSTEM.TBL_HOA_DON (ID,NGAY_BAN,NAME_NN,ADDRESS,STATUS,MA_KH,SDT) values (83,to_date('01-NOV-22','DD-MON-RR'),'Nguyễn Thị Thanh Tân','Đường Hoàng Quốc Việt',0,65,'0989999889');
Insert into SYSTEM.TBL_HOA_DON (ID,NGAY_BAN,NAME_NN,ADDRESS,STATUS,MA_KH,SDT) values (101,to_date('17-NOV-22','DD-MON-RR'),'Nguyễn huy Hợp','Thôn 1 Đồng Lạc',0,81,'0989999889');
Insert into SYSTEM.TBL_HOA_DON (ID,NGAY_BAN,NAME_NN,ADDRESS,STATUS,MA_KH,SDT) values (121,to_date('19-NOV-22','DD-MON-RR'),'Nguyễn Tiến Lợi','Thạch THành',1,101,'03894828895');
Insert into SYSTEM.TBL_HOA_DON (ID,NGAY_BAN,NAME_NN,ADDRESS,STATUS,MA_KH,SDT) values (122,to_date('19-NOV-22','DD-MON-RR'),'Nguyễn Thị Kiều Lệ','Như Xuân',1,41,'0969309710');
Insert into SYSTEM.TBL_HOA_DON (ID,NGAY_BAN,NAME_NN,ADDRESS,STATUS,MA_KH,SDT) values (123,to_date('19-NOV-22','DD-MON-RR'),'Nguyễn Thị Kiều Lệ','Như Xuân',1,41,'0969309710');
Insert into SYSTEM.TBL_HOA_DON (ID,NGAY_BAN,NAME_NN,ADDRESS,STATUS,MA_KH,SDT) values (124,to_date('19-NOV-22','DD-MON-RR'),'Nguyễn Thị Kiều Lệ','Hoằng trạch',1,41,'0394828895');
Insert into SYSTEM.TBL_HOA_DON (ID,NGAY_BAN,NAME_NN,ADDRESS,STATUS,MA_KH,SDT) values (125,to_date('19-NOV-22','DD-MON-RR'),'Nguyễn Thị Kiều Lệ','Hoằng trạch',1,41,'0969309704');
Insert into SYSTEM.TBL_HOA_DON (ID,NGAY_BAN,NAME_NN,ADDRESS,STATUS,MA_KH,SDT) values (126,to_date('19-NOV-22','DD-MON-RR'),'Nguyễn Thị Kiều Lệ','Hoằng Thịnh',1,41,'0989999889');
Insert into SYSTEM.TBL_HOA_DON (ID,NGAY_BAN,NAME_NN,ADDRESS,STATUS,MA_KH,SDT) values (127,to_date('19-NOV-22','DD-MON-RR'),'Nguyễn Thị Kiều Lệ','Thạch THành',1,41,'0969309709');
Insert into SYSTEM.TBL_HOA_DON (ID,NGAY_BAN,NAME_NN,ADDRESS,STATUS,MA_KH,SDT) values (141,to_date('21-NOV-22','DD-MON-RR'),'Nguyễn Thị Kiều Lệ','Hoằng trạch',1,41,'0969309708');
REM INSERTING into SYSTEM.TBL_KHACH_HANG
SET DEFINE OFF;
Insert into SYSTEM.TBL_KHACH_HANG (IDKH,NAME,ACCOUNT,PASSWORD,ADDRESS,CALL,EMAIL,BIRTHDAY,GENDER,STATUS) values (65,'Nguyễn Thị Thanh Tân','tan@gmail.com','1234','Đường Hoàng Quốc Việt','0989999889','nguyenthanhtan@gmail.com',to_date('19-SEP-99','DD-MON-RR'),0,1);
Insert into SYSTEM.TBL_KHACH_HANG (IDKH,NAME,ACCOUNT,PASSWORD,ADDRESS,CALL,EMAIL,BIRTHDAY,GENDER,STATUS) values (21,'Đỗ Đức Mạnh','manh1234@gmail.com','manh123','Hoằng trạch','0969309708','manh@gmail.com',to_date('18-OCT-01','DD-MON-RR'),1,1);
Insert into SYSTEM.TBL_KHACH_HANG (IDKH,NAME,ACCOUNT,PASSWORD,ADDRESS,CALL,EMAIL,BIRTHDAY,GENDER,STATUS) values (81,'Nguyễn huy Hợp','hop@gmail.com','1234','Thôn 1 Cẩm Trung','0989999889','hopentertain@gmail.com',to_date('02-NOV-01','DD-MON-RR'),1,1);
Insert into SYSTEM.TBL_KHACH_HANG (IDKH,NAME,ACCOUNT,PASSWORD,ADDRESS,CALL,EMAIL,BIRTHDAY,GENDER,STATUS) values (41,'Nguyễn Thị Kiều Lệ','kieule123@gmail.com','123','Đường Hoàng Quốc Việt','0394828895','tuyendungit@gmail.com',to_date('01-JAN-01','DD-MON-RR'),0,1);
Insert into SYSTEM.TBL_KHACH_HANG (IDKH,NAME,ACCOUNT,PASSWORD,ADDRESS,CALL,EMAIL,BIRTHDAY,GENDER,STATUS) values (101,'Nguyễn Tiến Lợi','loi@gmail.com','123','Thạch THành','03894828895','loi123@gmail.com',to_date('01-NOV-01','DD-MON-RR'),1,1);
REM INSERTING into SYSTEM.TBL_LIEN_HE
SET DEFINE OFF;
REM INSERTING into SYSTEM.TBL_NHAN_HIEU
SET DEFINE OFF;
Insert into SYSTEM.TBL_NHAN_HIEU (IDNH,NAME_BRAND,STATUS) values (1,'China',1);
Insert into SYSTEM.TBL_NHAN_HIEU (IDNH,NAME_BRAND,STATUS) values (2,'Japan',1);
Insert into SYSTEM.TBL_NHAN_HIEU (IDNH,NAME_BRAND,STATUS) values (3,'Vietnamese',1);
REM INSERTING into SYSTEM.TBL_MAU_SAC
SET DEFINE OFF;
Insert into SYSTEM.TBL_MAU_SAC (ID,NAME,STATUS) values (1,'Màu hồng',1);
Insert into SYSTEM.TBL_MAU_SAC (ID,NAME,STATUS) values (2,'Màu xám',1);
Insert into SYSTEM.TBL_MAU_SAC (ID,NAME,STATUS) values (3,'Màu vàng',1);
REM INSERTING into SYSTEM.TBL_LOAI_SAN_PHAM
SET DEFINE OFF;
Insert into SYSTEM.TBL_LOAI_SAN_PHAM (IDTYPE,NAME_TYPE,STATUS) values (1,'Cả bộ',1);
Insert into SYSTEM.TBL_LOAI_SAN_PHAM (IDTYPE,NAME_TYPE,STATUS) values (2,'Đầm',1);
Insert into SYSTEM.TBL_LOAI_SAN_PHAM (IDTYPE,NAME_TYPE,STATUS) values (3,'Áo',1);
Insert into SYSTEM.TBL_LOAI_SAN_PHAM (IDTYPE,NAME_TYPE,STATUS) values (4,'Quần',1);
Insert into SYSTEM.TBL_LOAI_SAN_PHAM (IDTYPE,NAME_TYPE,STATUS) values (5,'Aó dài',1);
Insert into SYSTEM.TBL_LOAI_SAN_PHAM (IDTYPE,NAME_TYPE,STATUS) values (23,'Quần bò',1);
REM INSERTING into SYSTEM.TBL_KICH_CO
SET DEFINE OFF;
Insert into SYSTEM.TBL_KICH_CO (ID,NAME,STATUS) values (1,'M',1);
Insert into SYSTEM.TBL_KICH_CO (ID,NAME,STATUS) values (2,'L',1);
Insert into SYSTEM.TBL_KICH_CO (ID,NAME,STATUS) values (3,'S',1);
Insert into SYSTEM.TBL_KICH_CO (ID,NAME,STATUS) values (4,'XL',1);
REM INSERTING into SYSTEM.TBL_SAN_PHAM
SET DEFINE OFF;
Insert into SYSTEM.TBL_SAN_PHAM (IDSP,NAME,DESCRIPE,INFORMATION,PRICE_IMPORT,PRICE_OLD,PRICE_NEW,QUANTITY,UPDATE_DAY,STATUS,IDTYPE,IDNH,IMG) values (1,'Áo kiểu xếp tà phối nút A280',' Chất liệu Tuyết hàn không nhăn thoáng mát','Miễn phí vận chuyển Giao hàng với đơn hàng trên 500.000',390,320,290,1,to_date('11-OCT-19','DD-MON-RR'),1,3,1,'A280-Ao-kieu-xep-ta-phoi-nut-Den.jpg');
Insert into SYSTEM.TBL_SAN_PHAM (IDSP,NAME,DESCRIPE,INFORMATION,PRICE_IMPORT,PRICE_OLD,PRICE_NEW,QUANTITY,UPDATE_DAY,STATUS,IDTYPE,IDNH,IMG) values (2,'Áo thun nữ A239 màu đen','Áo thun nữ trẻ trung A239 màu đen có in hoa, thiết kế cơn bản nhưng cá tính, chất liệu là cotton có co giãn nhẹ dễ phối với quần, chân váy và diện được trong nhiều dịp khác nhau. Thiết kế mới của thương hiệu GUCO.VN','Miễn phí vận chuyển Giao hàng với đơn hàng trên 500.000₫',130000,320000,299000,3,to_date('10-OCT-22','DD-MON-RR'),1,3,3,'ao-kieu-peplum-ket-hoa-den-8a.jpg');
Insert into SYSTEM.TBL_SAN_PHAM (IDSP,NAME,DESCRIPE,INFORMATION,PRICE_IMPORT,PRICE_OLD,PRICE_NEW,QUANTITY,UPDATE_DAY,STATUS,IDTYPE,IDNH,IMG) values (10,'Áo kiểu tay lỡ xếp li eo A278 Trắng',' Chất liệu Tuyết hàn, không nhăn, thoáng mát. Áo kiểu tay lỡ xếp li eo tạo cảm giác mềm mại, nhẹ nhàng, làm lộ rõ vòng eo thon gọn. Với những cô nàng có bờ vai nhỏ, vai lép hay bắp tay hơi to thì đó là sự lựa chọn tuyệt vời giúp bạn che đi khuyết điểm. Đặc biệt với những nàng có vòng eo bụng mỡ, được giấu bỏ với những lớp ly gấp xếp lên nhau, tạo ra sự lập lòe, kín đáo. Kiểu dáng thiết kế rất phong cách, nhẹ nhàng, sang trọng tạo ra một phong thái sang trọng cho các nàng. Sản phẩm được tạo ra với chất liệu vải thun mềm mại, màu trắng cùng kiểu dáng cổ tròn rất hợp phong cách nữ tính, trang trọng. Hiện đang có mặt tại Guco – địa chỉ uy tín cho các nàng sử dụng sản phẩm đặc sắc, sang trọng để diện đi làm, dự tiệc hay hội họp.','Miễn phí vận chuyển Giao hàng với đơn hàng trên 500.000₫',390,320,290,1,to_date('01-OCT-21','DD-MON-RR'),1,3,1,'28d.jpg');
Insert into SYSTEM.TBL_SAN_PHAM (IDSP,NAME,DESCRIPE,INFORMATION,PRICE_IMPORT,PRICE_OLD,PRICE_NEW,QUANTITY,UPDATE_DAY,STATUS,IDTYPE,IDNH,IMG) values (14,'Áo sơ mi tay dài có túi 1 bên A269 rất đẹp và ưný','Áo sơ mi cổ đức, tay dài, có 1 túi bên phải, cửa tay măng séc. - Màu sắc: Trắng - Chất liệu: Linen gân. Áo sơ mi tay dài có thể ứng dụng được cho mọi mùa trong năm. Nếu còn e ngại về phần vai to, bắp tay thô hay da tay chưa được mềm mại thì các nàng đừng lo bởi áo sơ mi dài tay có thể giải quyết được những vấn đề này trong một cách đơn giản. Đặc biệt, áo sơ mi tay dài có 1 túi bên phải, cổ tay măng séc sẽ thỏa mãn đam mê cho chị em thích phong cách thời thượng, cá tính nhưng vẫn chanh sả và yểu điệu nhé. Sản phẩm: Áo sơ mi tay dài có túi 1 bên A269. Đây là sản phẩm được Guco tạo ra với chất liệu Lien gân cao cấp có độ bền khá lâu, sợi vải được may chặt và chắc, vì thế có thể sử dụng trong thời gian dài mà không sợ bị hỏng form. Áo sơ mi tay dài phù hợp khi mặc đi làm, đi gặp gỡ đối tác, đi chơi','Miễn phí vận chuyển Giao hàng với đơn hàng trên 500.000₫',490000,690000,390000,2,to_date('20-NOV-22','DD-MON-RR'),1,3,3,'ao-so-mi-tay-dai-co-tui-1-ben-a269-lg.jpg');
Insert into SYSTEM.TBL_SAN_PHAM (IDSP,NAME,DESCRIPE,INFORMATION,PRICE_IMPORT,PRICE_OLD,PRICE_NEW,QUANTITY,UPDATE_DAY,STATUS,IDTYPE,IDNH,IMG) values (15,'Áo Lụa Cổ V Xếp Ly Đính Ngọc Trai A267','Chất liệu lụa Đông Hưng 2 lớp, thoáng mát, không nhăn. Vải lụa là một trong những chất liệu vải cao cấp được nhiều người ưu chuộng nhất hiện nay. Vải có nguồn gốc từ những sợi tơ tự nhiên nên có độ bóng, sáng và độ bền cao. Áo lụa cổ V xếp ly đính Ngọc trai sử dụng chất liệu vải lụa Đông Hưng 2 lớp, là một trong những dòng lụa thượng hạng nhất. Sản phẩm bằng lụa tơ tằm vừa nhẹ, vừa bền, không bị nhăn, tạo cho người mặc cảm giác thoáng mát. Áo được thiết kế cổ V xếp ly đính Ngọc trai, cộc tay và điểm nhấn dây nơ thắt eo thon gọn. MSP : A267 – Size áo: S, M, L, XL, XXL. Sản phẩm được cung cấp bởi Guco – địa chỉ uy tín với những sản phẩm chất lượng, thời trang nhất hiện nay.','Miễn phí vận chuyển Giao hàng với đơn hàng trên 500.000₫',490,430,340,1,to_date('21-SEP-22','DD-MON-RR'),1,3,2,'ao-lua-co-v-xep-ly-dinh-ngoc-trai-a267-lg.jpg');
Insert into SYSTEM.TBL_SAN_PHAM (IDSP,NAME,DESCRIPE,INFORMATION,PRICE_IMPORT,PRICE_OLD,PRICE_NEW,QUANTITY,UPDATE_DAY,STATUS,IDTYPE,IDNH,IMG) values (5,'Áo kiểu tay lỡ xếp li eo A278 Đen','Chất liệu Tuyết hàn, không nhăn, thoáng mát. Áo sơ mi cộc tay là áo có tay không quá dài cũng không quá ngắn. Thay vào đó, phần tay áo của áo thường nằm dưới khuỷu tay và phía trên cẳng tay. Trong nhiều trường hợp, chiều dài tay áo được rút ngắn linh hoạt xuống chỉ trên khuỷu tay. Sơ mi cộc tay có thể là tông màu rực rỡ với màu sắc tươi sáng cho nữ hoặc tông trầm cho nam. Mặt khác, áo sơ mi tay ngắn cũng được nhiều cô nàng công sở ưa chuộng khi dễ dàng kết hợp với quần, chân váy hay quần jean với một chiếc thắt lưng phù hợp. Trong những dịp sang trọng hay thời tiết se lạnh, bạn có thể diện áo vest không tay trẻ trung mà vẫn giữ được nét thanh lịch cần thiết. Guco đã mang đến cho chi em sản phẩm Áo kiểu tay lỡ xếp li eo A278 Đen với chất liệu Tuyết hàn, không nhăn, thoáng mát. Đặc biệt, với kiểu dáng thiết kế xếp ly giúp che đi phần lộ trên bụng cho chị em. Sản phẩm rất phù hợp với những chị em nào có vòng eo quá cỡ.','Miễn phí vận chuyển Giao hàng với đơn hàng trên 500.000',390,320,290,1,to_date('11-OCT-19','DD-MON-RR'),1,3,1,'ao-so-mi-nu-mau-trang-a240-lg.jpg');
Insert into SYSTEM.TBL_SAN_PHAM (IDSP,NAME,DESCRIPE,INFORMATION,PRICE_IMPORT,PRICE_OLD,PRICE_NEW,QUANTITY,UPDATE_DAY,STATUS,IDTYPE,IDNH,IMG) values (49,'Áo ren 2 dây A221 màu đen','Áo hai dây A221 màu đen cao cấp bằng lụa satin mềm mại phối bản ren ngực mang đến cho nàng một nét đẹp nữ tính quyến rũ. Nàng có thể phối áo dây đi kèm một chiếc chân váy, một quần tây basic , khoác thêm một chiếc vest/ blazer','	 Miễn phí vận chuyển Giao hàng miễn phí với mức giá cố định cho các đơn hàng trên 500.000₫',98000,210000,199000,8,to_date('19-OCT-22','DD-MON-RR'),1,3,3,'ao-kieu-tay-dai-that-no-a262-hoa-vang-lg.png');
Insert into SYSTEM.TBL_SAN_PHAM (IDSP,NAME,DESCRIPE,INFORMATION,PRICE_IMPORT,PRICE_OLD,PRICE_NEW,QUANTITY,UPDATE_DAY,STATUS,IDTYPE,IDNH,IMG) values (50,'Jum suông phối áo sọc caro 3810 - Xám','Thiết kế với gam màu trắng kinh điển được đặc tả trên nền chất liệu linen tổ ong nổi, sẽ là một item cực kỳ mới lạ cho các nàng công sở. Áo xinh nàng có thể kết hợp cùng tất cả các loại chân váy hoặc quần tây.','Miễn phí vận chuyển Giao hàng miễn phí với mức giá cố định cho các đơn hàng trên 500.000₫',118000,219000,190000,8,to_date('20-NOV-22','DD-MON-RR'),1,3,3,'3810-jum-suong-phoi-ao-soc-caro-xam-28a.jpg');
Insert into SYSTEM.TBL_SAN_PHAM (IDSP,NAME,DESCRIPE,INFORMATION,PRICE_IMPORT,PRICE_OLD,PRICE_NEW,QUANTITY,UPDATE_DAY,STATUS,IDTYPE,IDNH,IMG) values (48,'Áo kiểu nữ A248 màu đen','Áo kiểu nữ A248 màu đen tay phối lưới, thiết kế trẻ trung hiện đại. Chất liệu vải tuyết hàn sang trọng, nàng có thể phối áo dễ dàng cùng quần hoặc chân váy. Sản phẩm thiết kế của thương hiệu thời trang nữ GUCO','Miễn phí vận chuyển Giao hàng miễn phí với mức giá cố định cho các đơn hàng trên 500.000₫',120000,290000,230000,9,to_date('12-OCT-21','DD-MON-RR'),1,3,3,'12f.jpg');
Insert into SYSTEM.TBL_SAN_PHAM (IDSP,NAME,DESCRIPE,INFORMATION,PRICE_IMPORT,PRICE_OLD,PRICE_NEW,QUANTITY,UPDATE_DAY,STATUS,IDTYPE,IDNH,IMG) values (51,'Áo kiểu voan hoa phối nơ A257 màu nâu',' Với kiểu dáng thoải mái cùng họa tiết hoa trẻ trung mang sắc thái mùa hè kết hợp với điểm nhấn là chiếc nơ được thắt ở cổ khiến nàng sẽ thật thanh lịch và đầy quyến rũ. Với mẫu áo này nàng có thể phối với Quần tây và các kiểu dáng chân váy đều đẹp.','Miễn phí vận chuyển Giao hàng miễn phí với mức giá cố định cho các đơn hàng trên 500.000₫',128000,319000,290000,8,to_date('19-FEB-22','DD-MON-RR'),1,3,2,'ao-thun-nu-a239-mau-den-lgg.jpg');
Insert into SYSTEM.TBL_SAN_PHAM (IDSP,NAME,DESCRIPE,INFORMATION,PRICE_IMPORT,PRICE_OLD,PRICE_NEW,QUANTITY,UPDATE_DAY,STATUS,IDTYPE,IDNH,IMG) values (102,'Áo dài lụa Đông Hưng AD116','Đầu cắt moi','Sản phẩm ok',220000,580000,330000,1,to_date('02-JAN-01','DD-MON-RR'),1,3,2,'ao-dai-lua-dong-hung-ad116.jpg');
Insert into SYSTEM.TBL_SAN_PHAM (IDSP,NAME,DESCRIPE,INFORMATION,PRICE_IMPORT,PRICE_OLD,PRICE_NEW,QUANTITY,UPDATE_DAY,STATUS,IDTYPE,IDNH,IMG) values (123,'Đầm hoa chữ A cổ vuông - Đỏ 3749','Mẫu đầm hoa cổ vuông là thiết kế mà quý cô sang chảnh nào cũng muốn sở hữu nó. Kiểu dáng nhẹ nhàng, thanh lịch, mang nét nữ tính giúp phái đẹp trở nên dịu dàng hơn. Đầm hoa chữ A cổ vuông - Đỏ 3749 tại Guco thiết kế với họa tiết hoa hồng được phô diễn trên nền màu đen nổi bật, chất liệu Bố hoa cao cấp, không nhăn, có túi 2 bên','Miễn phí vận chuyển Giao hàng miễn phí với mức giá cố định cho các đơn hàng trên 500.000₫ HotLine  0987 567 614',490000,580000,420000,2,to_date('01-NOV-22','DD-MON-RR'),1,2,3,'3749-dam-hoa-chu-a-co-vuong-do-11a.jpg');
Insert into SYSTEM.TBL_SAN_PHAM (IDSP,NAME,DESCRIPE,INFORMATION,PRICE_IMPORT,PRICE_OLD,PRICE_NEW,QUANTITY,UPDATE_DAY,STATUS,IDTYPE,IDNH,IMG) values (124,'Đầm chữ A phối áo hoa tay lỡ váy đen - hoa trắng 3','Mẫu đầm là sự kết hợp hoàn hảo giữa áo voan họa tiết hoa và chân váy dáng chữ A màu đen. Phần thân áo sử dụng chất liệu Voan tơ hàn 2 lớp với thiết kế cổ cách điệu phối vạt, tay lỡ phồng nhẹ chất voan tơ 1 lớp mang lại nét nữ tính và không kém phần quyến rũ.','	 Miễn phí vận chuyển Giao hàng miễn phí với mức giá cố định cho các đơn hàng trên 500.000₫ HotLine  0987 567 614',320000,530000,480000,2,to_date('03-NOV-22','DD-MON-RR'),1,2,2,'3759-dam-chu-a-phoi-ao-hoa-tay-lo-vay-den-hoa-trang-17a.jpg');
Insert into SYSTEM.TBL_SAN_PHAM (IDSP,NAME,DESCRIPE,INFORMATION,PRICE_IMPORT,PRICE_OLD,PRICE_NEW,QUANTITY,UPDATE_DAY,STATUS,IDTYPE,IDNH,IMG) values (125,'Đầm xòe xếp ly kết nút eo 3459 màu xanh','Một điểm nhấn cho những bữa tiệc, các nhà thiết kế của GUCO đã "thổi hồn" vào mẫu thiết kế với kiểu dáng xòe kết hợp cùng chất liệu tuyết hàn nàng sẽ trong thật thanh lịch và sang trọng.','Miễn phí vận chuyển Giao hàng miễn phí với mức giá cố định cho các đơn hàng trên 500.000₫ HotLine  0987 567 614',420000,630000,580000,2,to_date('03-NOV-22','DD-MON-RR'),1,2,2,'Dam-xoe-xep-ly-ket-nut-eo-3459-mau-xanh-lg.png');
Insert into SYSTEM.TBL_SAN_PHAM (IDSP,NAME,DESCRIPE,INFORMATION,PRICE_IMPORT,PRICE_OLD,PRICE_NEW,QUANTITY,UPDATE_DAY,STATUS,IDTYPE,IDNH,IMG) values (126,'Đầm xòe dự tiệc vải gấm 3803 màu đỏ','Đầm dự tiệc dáng xòe vải gấm 3803 màu đỏ, họa tiết hoa dập nổi trên nền vải chất liệu Gấm Tapta cao cấp. Thiết kế kiểu dáng sang trọng, quý phái của thương hiệu GUCO.VN chuyên về thời trang nữ','Miễn phí vận chuyển Giao hàng miễn phí với mức giá cố định cho các đơn hàng trên 500.000₫ HotLine  0987 567 614',520000,830000,780000,2,to_date('03-NOV-22','DD-MON-RR'),1,2,2,'zdam-xoe-du-tiec-vai-gam-2795-mau-do-lg.jpg');
Insert into SYSTEM.TBL_SAN_PHAM (IDSP,NAME,DESCRIPE,INFORMATION,PRICE_IMPORT,PRICE_OLD,PRICE_NEW,QUANTITY,UPDATE_DAY,STATUS,IDTYPE,IDNH,IMG) values (127,'Đầm xòe gấm dự tiệc 3789 phối ren','Đầm dự tiệc dáng xòe vải gấm 3803 màu đỏ, họa tiết hoa dập nổi trên nền vải chất liệu Gấm Tapta cao cấp. Thiết kế kiểu dáng sang trọng, quý phái của thương hiệu GUCO.VN chuyên về thời trang nữ','Miễn phí vận chuyển Giao hàng miễn phí với mức giá cố định cho các đơn hàng trên 500.000₫ HotLine  0987 567 614',420000,740000,590000,2,to_date('03-NOV-22','DD-MON-RR'),1,2,2,'dam-xoe-gam-du-tiec-2861-phoi-ren-lg.jpg');
Insert into SYSTEM.TBL_SAN_PHAM (IDSP,NAME,DESCRIPE,INFORMATION,PRICE_IMPORT,PRICE_OLD,PRICE_NEW,QUANTITY,UPDATE_DAY,STATUS,IDTYPE,IDNH,IMG) values (128,'Đầm chữ A nút bọc 3460 màu đỏ','Thiết kế cổ tròn, dáng chữ A thanh lịch. Với điểm nhấn là hàng nút bọc vải và chiếc nơ thắt bên hông khiến nàng trong thật thanh lịch và sang trọng bậc nhất. Đầm đẹp nàng có thể dạo phố, công sở hay đến những bữa tiệc','Miễn phí vận chuyển Giao hàng miễn phí với mức giá cố định cho các đơn hàng trên 500.000₫ HotLine  0987 567 614',520000,730000,560000,1,to_date('03-NOV-22','DD-MON-RR'),1,2,2,'Dam-chu-A-nut-boc-3460-mau-do-lg.png');
Insert into SYSTEM.TBL_SAN_PHAM (IDSP,NAME,DESCRIPE,INFORMATION,PRICE_IMPORT,PRICE_OLD,PRICE_NEW,QUANTITY,UPDATE_DAY,STATUS,IDTYPE,IDNH,IMG) values (141,'Áo dài nữ AD109 màu cam in họa tiết','Áo dài nữ màu cam in họa tiết AD109 thiết kế sang trọng, thanh lịch tôn dáng. Chất liệu áo + quần lụa hồng ngọc co giãn nhẹ. Sản phẩm thiết kế độc quyền của thương hiệu thời trang nữ GUCO.VN','Miễn phí vận chuyển Giao hàng miễn phí với mức giá cố định cho các đơn hàng trên 500.000₫ HotLine  0987 567 614',599,809,799,2,to_date('04-NOV-22','DD-MON-RR'),1,5,2,'ao-dai-nu-ad109-mau-cam-in-hoa-tiet-lg.jpg');
Insert into SYSTEM.TBL_SAN_PHAM (IDSP,NAME,DESCRIPE,INFORMATION,PRICE_IMPORT,PRICE_OLD,PRICE_NEW,QUANTITY,UPDATE_DAY,STATUS,IDTYPE,IDNH,IMG) values (143,'Áo dài lụa Đông Hưng AD116','Áo dài nữ thiết kế AD116 vải lụa Đông Hưng + quần lụa satin, thướt tha và duyên dáng tôn lên nét đẹp hiện đại mà không mất đi nét truyền thống. Sản phẩm thiết kế độc quyền của thương hiệu thời trang GUCO','Miễn phí vận chuyển Giao hàng miễn phí với mức giá cố định cho các đơn hàng trên 500.000₫ HotLine  0987 567 614',300,499,350,2,to_date('04-NOV-22','DD-MON-RR'),1,5,3,'ao-dai-lua-dong-hung-ad116-lg.jpg');
Insert into SYSTEM.TBL_SAN_PHAM (IDSP,NAME,DESCRIPE,INFORMATION,PRICE_IMPORT,PRICE_OLD,PRICE_NEW,QUANTITY,UPDATE_DAY,STATUS,IDTYPE,IDNH,IMG) values (144,'Áo dài hoa 3D AD103','Áo dài nữ AD103 màu hồng, chất liệu áo lụa tằm có phối hoa 3D nổi bật - quần phi lụa. Áo dài sang trọng, cao cấp, sản phẩm thiết kế của thương hiệu thời trang GUCO.VN','Miễn phí vận chuyển Giao hàng miễn phí với mức giá cố định cho các đơn hàng trên 500.000₫ HotLine  0987 567 614',200000,599000,399000,2,to_date('04-NOV-22','DD-MON-RR'),1,5,3,'ao-dai-hoa-3d-ad103-lg.jpg');
Insert into SYSTEM.TBL_SAN_PHAM (IDSP,NAME,DESCRIPE,INFORMATION,PRICE_IMPORT,PRICE_OLD,PRICE_NEW,QUANTITY,UPDATE_DAY,STATUS,IDTYPE,IDNH,IMG) values (145,'Set đồ đơn giản 3533 màu xanh','Set bộ đơn giản nhưng cực kì thanh lịch với chiếc áo cổ vest cùng chiếc quần tây dáng đứng, chất liệu tuyết hàn. Sản phẩm cao cấp thích hợp mặc đi làm công sở, các cuộc họp quan trọng. Sản phẩm thiết kế của thương hiệu thời trang nữ GUCO','Miễn phí vận chuyển Giao hàng miễn phí với mức giá cố định cho các đơn hàng trên 500.000₫ HotLine  0987 567 614',300000,699000,599000,1,to_date('04-NOV-22','DD-MON-RR'),1,1,3,'Set-do-don-gian-3533-mau-xanh-lg.jpg');
Insert into SYSTEM.TBL_SAN_PHAM (IDSP,NAME,DESCRIPE,INFORMATION,PRICE_IMPORT,PRICE_OLD,PRICE_NEW,QUANTITY,UPDATE_DAY,STATUS,IDTYPE,IDNH,IMG) values (147,'Set bộ thanh lịch 3502 màu xanh đen','Sét bộ công sở 3502 áo cổ sam và quần ống suông, chất liệu linen bố cao cấp co giãn vừa. Sản phẩm cao cấp thích hợp mặc đi làm công sở, các cuộc họp quan trọng. Sản phẩm thiết kế của thương hiệu thời trang nữ GUCO','Miễn phí vận chuyển Giao hàng miễn phí với mức giá cố định cho các đơn hàng trên 500.000₫ HotLine  0987 567 614',400000,609000,589000,1,to_date('04-NOV-22','DD-MON-RR'),1,1,1,'Set-bo-thanh-lich-3502-xanh-den-1.jpg');
Insert into SYSTEM.TBL_SAN_PHAM (IDSP,NAME,DESCRIPE,INFORMATION,PRICE_IMPORT,PRICE_OLD,PRICE_NEW,QUANTITY,UPDATE_DAY,STATUS,IDTYPE,IDNH,IMG) values (148,'Set bộ thanh lịch 3511 màu hồng','Sét bộ công sở 3511 áo cổ vest và quần ống suông, chất liệu xô nhât cao cấp co giãn vừa.Sản phẩm cao cấp thích hợp mặc đi làm công sở, các cuộc họp quan trọng. Sản phẩm thiết kế của thương hiệu thời trang nữ GUCO','Miễn phí vận chuyển Giao hàng miễn phí với mức giá cố định cho các đơn hàng trên 500.000₫ HotLine  0987 567 614',500000,600000,580000,1,to_date('04-NOV-22','DD-MON-RR'),1,1,3,'Set-bo-thanh-lich-3511-mau-hong-lg.jpg');
Insert into SYSTEM.TBL_SAN_PHAM (IDSP,NAME,DESCRIPE,INFORMATION,PRICE_IMPORT,PRICE_OLD,PRICE_NEW,QUANTITY,UPDATE_DAY,STATUS,IDTYPE,IDNH,IMG) values (149,'Set bộ 3365 màu đen','Sét bộ 3365 màu đen áo cổ tim tay phồng, chất liệu bố cotton co giãn vừa. Sản phẩm cao cấp thích hợp mặc đi làm công sở, các cuộc họp quan trọng. Sản phẩm thiết kế của thương hiệu thời trang nữ GUCO','Miễn phí vận chuyển Giao hàng miễn phí với mức giá cố định cho các đơn hàng trên 500.000₫ HotLine  0987 567 614',510000,610000,590000,1,to_date('04-NOV-22','DD-MON-RR'),1,1,3,'set-bo-3365-mau-den-lg.jpg');
Insert into SYSTEM.TBL_SAN_PHAM (IDSP,NAME,DESCRIPE,INFORMATION,PRICE_IMPORT,PRICE_OLD,PRICE_NEW,QUANTITY,UPDATE_DAY,STATUS,IDTYPE,IDNH,IMG) values (150,'Set bộ thanh lịch 3365','Sét bộ công sở 3365 áo cổ tim tay phồng, chất liệu bố cotton co giãn vừa. Sản phẩm cao cấp thích hợp mặc đi làm công sở, các cuộc họp quan trọng. Sản phẩm thiết kế của thương hiệu thời trang nữ GUCO','Miễn phí vận chuyển Giao hàng miễn phí với mức giá cố định cho các đơn hàng trên 500.000₫ HotLine  0987 567 614',340000,650000,550000,1,to_date('04-NOV-22','DD-MON-RR'),1,1,3,'set-bo-thanh-lich-3365-lg.jpg');
Insert into SYSTEM.TBL_SAN_PHAM (IDSP,NAME,DESCRIPE,INFORMATION,PRICE_IMPORT,PRICE_OLD,PRICE_NEW,QUANTITY,UPDATE_DAY,STATUS,IDTYPE,IDNH,IMG) values (151,'Quần suông công sở đen QD149','Mẫu quần ống suông công sở thu hút khách hàng bởi sự thoải mái, tiện dụng cũng như thời trang mà nó đem lại cho người mặc. Đây là chiếc quần hiếm hoi che đi mọi khuyết điểm của đôi chân mà còn tô điểm thêm vóc dáng khi diện. Quần suông công sở - Trắng QD149 tại thời trang Guco là thiết kế có phần ống suông rộng sử dụng chất liệu cotton lạnh màu trắng, chất vải cao cấp, mềm mịn và không nhăn. Màu trắng luôn được xem là biểu tượng cho sự hoàn mỹ.','Miễn phí vận chuyển Giao hàng miễn phí với mức giá cố định cho các đơn hàng trên 500.000₫ HotLine  0987 567 614',280000,480000,380000,1,to_date('04-NOV-22','DD-MON-RR'),1,4,2,'quan-suong-cong-so-den-qd149-2.jpg');
Insert into SYSTEM.TBL_SAN_PHAM (IDSP,NAME,DESCRIPE,INFORMATION,PRICE_IMPORT,PRICE_OLD,PRICE_NEW,QUANTITY,UPDATE_DAY,STATUS,IDTYPE,IDNH,IMG) values (152,'Quần suông công sở - Trắng QD149','Chất liệu Cotton lạnh, không nhăn, thoáng mát.','Miễn phí vận chuyển Giao hàng miễn phí với mức giá cố định cho các đơn hàng trên 500.000₫ HotLine  0987 567 614',280000,480000,390000,1,to_date('04-NOV-22','DD-MON-RR'),1,4,3,'qd149-quan-suong-cong-so-trang-29d.jpg');
Insert into SYSTEM.TBL_SAN_PHAM (IDSP,NAME,DESCRIPE,INFORMATION,PRICE_IMPORT,PRICE_OLD,PRICE_NEW,QUANTITY,UPDATE_DAY,STATUS,IDTYPE,IDNH,IMG) values (153,'Quần suông công sở QD148','Chất liệu River nhẹ nhàng, thoáng mát, ít nhăn, có túi. Quần suông công sở là một trong những item sang chảnh cho các nàng muốn hack chiều cao và dáng vóc trở nên thanh mảnh hơn thì đây chính là sự lựa chon tuyệt vời. Item này mang hơi hướng sang trọng, hiện đại và cá tính, không chỉ phù hợp chốn văn phòng mà còn xuất hiện trên phố, các buổi tiệc tùng hay ở bất cứ đâu. ','Miễn phí vận chuyển Giao hàng miễn phí với mức giá cố định cho các đơn hàng trên 500.000₫ HotLine  0987 567 614',280000,580000,490000,1,to_date('04-NOV-22','DD-MON-RR'),1,4,3,'quan-suong-cong-so-qd148-26f.jpg');
Insert into SYSTEM.TBL_SAN_PHAM (IDSP,NAME,DESCRIPE,INFORMATION,PRICE_IMPORT,PRICE_OLD,PRICE_NEW,QUANTITY,UPDATE_DAY,STATUS,IDTYPE,IDNH,IMG) values (154,'Quần ống suông lưng thun qd147 màu trắng','Thiết kế dáng suông sang trọng được đặc tả trên nền thun dập ly cực kỳ thoải mái và thoáng mát. Quần đẹp nàng có thể dễ dàng phối với các mẫu áo để tạo nên phong cách riêng của mình.','Miễn phí vận chuyển Giao hàng miễn phí với mức giá cố định cho các đơn hàng trên 500.000₫ HotLine  0987 567 614',320000,520000,420000,1,to_date('04-NOV-22','DD-MON-RR'),1,4,3,'quan-ong-suông-lung-thun-qd147-mau-trang-lg.jpg');
Insert into SYSTEM.TBL_SAN_PHAM (IDSP,NAME,DESCRIPE,INFORMATION,PRICE_IMPORT,PRICE_OLD,PRICE_NEW,QUANTITY,UPDATE_DAY,STATUS,IDTYPE,IDNH,IMG) values (155,'Quần suông công sở phối nút bọc Qd144 màu nâu','Thiết kế dáng suông sang trọng được đặc tả trên nền thun dập ly cực kỳ thoải mái và thoáng mát. Quần đẹp nàng có thể dễ dàng phối với các mẫu áo để tạo nên phong cách riêng của mình.','Miễn phí vận chuyển Giao hàng miễn phí với mức giá cố định cho các đơn hàng trên 500.000₫ HotLine  0987 567 614',180000,380000,280000,1,to_date('04-NOV-22','DD-MON-RR'),1,4,3,'quan-suong-cong-so-phoi-nut-boc-qd144-mau-nau-lg.png');
Insert into SYSTEM.TBL_SAN_PHAM (IDSP,NAME,DESCRIPE,INFORMATION,PRICE_IMPORT,PRICE_OLD,PRICE_NEW,QUANTITY,UPDATE_DAY,STATUS,IDTYPE,IDNH,IMG) values (156,'Quần ống suông QD143','Quần nữ QD143 màu đen dáng suông rộng, chất liệu là tuyết Hàn có co giãn nhẹ. Quần dễ mặc, đủ size và dễ dàng phối cùng các kiểu áo sơ mi, áo thun. Sản phẩm thiết kế của GUCO.VN chuyên về thời trang nữ','Miễn phí vận chuyển Giao hàng miễn phí với mức giá cố định cho các đơn hàng trên 500.000₫ HotLine  0987 567 614',120000,280000,180000,1,to_date('04-NOV-22','DD-MON-RR'),1,4,3,'quan-ong-suong-qd143-lg.jpg');
Insert into SYSTEM.TBL_SAN_PHAM (IDSP,NAME,DESCRIPE,INFORMATION,PRICE_IMPORT,PRICE_OLD,PRICE_NEW,QUANTITY,UPDATE_DAY,STATUS,IDTYPE,IDNH,IMG) values (161,'Đầm xòe hoa tay bí cổ thắt nơ - Hồng GD118','Thương hiệu thời trang Guco cho ra mắt sản phẩm: Đầm xòe hoa tay bí cổ thắt nơ - Hồng GD118 . Với chất liệu Voan sọc kim tuyến, không nhăn, co giãn ít, thoáng mát, may 2 lớp. Đầm được thiết kế cổ tròn có dây thắt nơ, tay bí, phần eo chiết đường viền cao kết hợp tùng dáng xòe khéo che vòng 2 làm tôn lên nét quyến rũ','Miễn phí vận chuyển Giao hàng miễn phí với mức giá cố định cho các đơn hàng trên 500.000₫ HotLine  0987 567 614',320000,620000,520000,2,to_date('07-NOV-22','DD-MON-RR'),1,2,3,'gd118-dam-xoe-hoa-tay-bi-co-that-no-hong-4b.jpg');
Insert into SYSTEM.TBL_SAN_PHAM (IDSP,NAME,DESCRIPE,INFORMATION,PRICE_IMPORT,PRICE_OLD,PRICE_NEW,QUANTITY,UPDATE_DAY,STATUS,IDTYPE,IDNH,IMG) values (162,'Đầm xòe cổ tim caro - Hồng GD113','Ưu điểm của những chiếc đầm caro là sự trẻ trung, không bao giờ bị lỗi mốt, đặc biệt mang theo sự sang chảnh, quý phái nhất định. Sản phẩm Đầm xòe cổ tim Caro – Hồng GD113 đến từ thương hiệu thời trang Guco sẽ là lựa chọn hoàn hảo dành cho bạn. Thiết kế đầm cổ áo đắp chéo mang đến sự duyên dáng, kín đáo mà vẫn cuốn hút cho người mặc','Miễn phí vận chuyển Giao hàng miễn phí với mức giá cố định cho các đơn hàng trên 500.000₫ HotLine  0987 567 614',220000,520000,420000,1,to_date('07-NOV-22','DD-MON-RR'),1,2,2,'gd113-dam-xoe-co-tim-caro-hong-19a.jpg');
Insert into SYSTEM.TBL_SAN_PHAM (IDSP,NAME,DESCRIPE,INFORMATION,PRICE_IMPORT,PRICE_OLD,PRICE_NEW,QUANTITY,UPDATE_DAY,STATUS,IDTYPE,IDNH,IMG) values (163,'Đầm hoa hồng chữ A tay lỡ - Xanh GD110','Chiếc đầm với họa tiết hoa hồng độc đáo cùng cách phối màu sắc hài hòa giúp tôn lên dáng vẻ thanh thoát của phái nữ. Nhẹ nhàng thoải mái cùng kiểu dáng chữ A với chất liệu Voan tằm sọc, mềm mịn, thoáng mát, không nhăn, may 2 lớp, có túi 2 bên','Miễn phí vận chuyển Giao hàng miễn phí với mức giá cố định cho các đơn hàng trên 500.000₫ HotLine  0987 567 614',120000,420000,320000,1,to_date('07-NOV-22','DD-MON-RR'),1,2,1,'gd110-dam-hoa-hong-chu-a-tay-lo-xanh-1.jpg');
Insert into SYSTEM.TBL_SAN_PHAM (IDSP,NAME,DESCRIPE,INFORMATION,PRICE_IMPORT,PRICE_OLD,PRICE_NEW,QUANTITY,UPDATE_DAY,STATUS,IDTYPE,IDNH,IMG) values (164,'Đầm xòe hoa cổ xếp li tay loe - hoa cam GD104','Mẫu đầm chất liệu voan sọc kim tuyến, độ co giãn ít, không nhăn có lớp lót bên trong và có túi 2 bên. Với chất liệu mỏng và mát giúp nàng xinh đẹp và thần thái ngút ngàn, tự tin trong những bữa tiệc, đi du lịch hay những buổi hẹn hò lãng mạn.','Miễn phí vận chuyển Giao hàng miễn phí với mức giá cố định cho các đơn hàng trên 500.000₫ HotLine  0987 567 614',320000,620000,480000,1,to_date('07-NOV-22','DD-MON-RR'),1,2,3,'gd104-dam-xoe-hoa-co-xep-li-tay-loe-hoa-cam-26a.jpg');
Insert into SYSTEM.TBL_SAN_PHAM (IDSP,NAME,DESCRIPE,INFORMATION,PRICE_IMPORT,PRICE_OLD,PRICE_NEW,QUANTITY,UPDATE_DAY,STATUS,IDTYPE,IDNH,IMG) values (165,'Set bộ cổ tim xoắn ngực - Nâu 3766','Chất liệu thun dệt cao cấp, không nhăn, thoáng mát. Mẫu đầm body là một trong những trang phục hàng đầu tôn vinh vẻ đẹp hình thể của phái đẹp. Thiết kế đầm body tay lỡ, dáng ôm dài qua gối, điểm nhấn của chiếc đấm chính là phần cổ tim xoắn ngực giúp vòng 1 của chị em trông đầy đặn hơn. Đầm body cổ tim xoắn ngực','Miễn phí vận chuyển Giao hàng miễn phí với mức giá cố định cho các đơn hàng trên 500.000₫ HotLine  0987 567 614',420000,720000,680000,1,to_date('07-NOV-22','DD-MON-RR'),1,1,1,'dam-body-co-tim-xoan-nguc-5c.jpg');
Insert into SYSTEM.TBL_SAN_PHAM (IDSP,NAME,DESCRIPE,INFORMATION,PRICE_IMPORT,PRICE_OLD,PRICE_NEW,QUANTITY,UPDATE_DAY,STATUS,IDTYPE,IDNH,IMG) values (166,'Set bộ cổ xếp li ngực tùng bèo 3721','Chất liệu Cotton nhung, không nhăn, thoáng mát. Bạn đang cần tìm cho mình một sản phẩm đầm body xếp li giúp các nàng tạo ra một dáng vẻ thanh toán, thon gọn, đây chắc chắn là chiếc đầm cho bạn. Đặc biệt, với phong thái thiết kế xếp ly giúp che bụng tôn dáng tối đa.','Miễn phí vận chuyển Giao hàng miễn phí với mức giá cố định cho các đơn hàng trên 500.000₫ HotLine  0987 567 614',320000,420000,580000,1,to_date('07-NOV-22','DD-MON-RR'),1,1,1,'dam-body-xep-li-nguc-tung-beo-3721-21a.jpg');
Insert into SYSTEM.TBL_SAN_PHAM (IDSP,NAME,DESCRIPE,INFORMATION,PRICE_IMPORT,PRICE_OLD,PRICE_NEW,QUANTITY,UPDATE_DAY,STATUS,IDTYPE,IDNH,IMG) values (167,'Set bộ maxi trễ vai họa tiết 3713','Chất liệu Voan hàn , không nhăn, thoáng mát, 2 lớp có túi 2 bên. Duyên dáng, gợi cảm nhưng không kém phần quyến rũ, đầm maxi trễ vai họa tiết 3713 tại Guco là một trong những chiếc đầm hội tụ đầy đủ những yếu tố đó. Với thiết kế trễ vai, chiết eo thon, có túi 2 bên, phần váy xòe rộng dài phô diễn nét dịu dàng và nữ tính cho người mặc','Miễn phí vận chuyển Giao hàng miễn phí với mức giá cố định cho các đơn hàng trên 500.000₫ HotLine  0987 567 614',320000,420000,580000,1,to_date('07-NOV-22','DD-MON-RR'),1,1,1,'dam-maxi-tre-vai-hoa-tiet-3713-25a.jpg');
Insert into SYSTEM.TBL_SAN_PHAM (IDSP,NAME,DESCRIPE,INFORMATION,PRICE_IMPORT,PRICE_OLD,PRICE_NEW,QUANTITY,UPDATE_DAY,STATUS,IDTYPE,IDNH,IMG) values (168,'Set bộ dự tiệc nhún eo 3568 màu đen','Sản phẩm thiết kế của SHOP chuyên về thời trang nữ','Miễn phí vận chuyển Giao hàng miễn phí với mức giá cố định cho các đơn hàng trên 500.000₫ HotLine  0987 567 614',320000,420000,580000,1,to_date('07-NOV-22','DD-MON-RR'),1,1,1,'dam-du-tiec-nhun-eo-2318-mau-den-lg.jpg');
Insert into SYSTEM.TBL_SAN_PHAM (IDSP,NAME,DESCRIPE,INFORMATION,PRICE_IMPORT,PRICE_OLD,PRICE_NEW,QUANTITY,UPDATE_DAY,STATUS,IDTYPE,IDNH,IMG) values (169,'Set bộ body phối ren 3338 màu đen','Đầm dự tiệc phối ren 3338 màu đen là thiết kế dáng ôm body nhẹ trên nền vải ren thêu hoa cao cấp, có may lớp lót bên trong. Kiểu đầm ren ôm body tay lỡ vừa mang nét đẹp quý phái, vừa có chút chín chắn, trưởng thành. ','Miễn phí vận chuyển Giao hàng miễn phí với mức giá cố định cho các đơn hàng trên 500.000₫ HotLine  0987 567 614',320000,420000,280000,1,to_date('07-NOV-22','DD-MON-RR'),1,1,3,'dam-om-body-phoi-ren-3338-mau-den-lg.jpg');
Insert into SYSTEM.TBL_SAN_PHAM (IDSP,NAME,DESCRIPE,INFORMATION,PRICE_IMPORT,PRICE_OLD,PRICE_NEW,QUANTITY,UPDATE_DAY,STATUS,IDTYPE,IDNH,IMG) values (170,'Quần tây ống loa QD132','Quần âu nữ QD132 màu xanh đen với thiết kế dáng quần ống loe, là mẫu quần vô cùng hot trong những năm trở lại đây. Quần tây ống loe sở hữu khả năng tôn dáng hoàn hảo. Chất liệu thun lạnh gân, giữ form chuẩn, co giãn nhẹ đem lại cảm giác thoải mái khi mặc.','Miễn phí vận chuyển Giao hàng miễn phí với mức giá cố định cho các đơn hàng trên 500.000₫ HotLine  0987 567 614',320000,420000,380000,1,to_date('07-NOV-22','DD-MON-RR'),1,4,3,'quan-tay-ong-loa-qd132-lg.jpg');
Insert into SYSTEM.TBL_SAN_PHAM (IDSP,NAME,DESCRIPE,INFORMATION,PRICE_IMPORT,PRICE_OLD,PRICE_NEW,QUANTITY,UPDATE_DAY,STATUS,IDTYPE,IDNH,IMG) values (171,'Quần nữ QD139 màu đen','Quần nữ ống rộng QD139 màu đen chất liệu là tuyết Hàn, dễ phối với các kiểu áo nữ sơ mi, áo thun để mặc đi chơi dạo phố hay đến công sở. Sản phẩm thiết kế của GUCO.VN','Miễn phí vận chuyển Giao hàng miễn phí với mức giá cố định cho các đơn hàng trên 500.000₫ HotLine  0987 567 614',320000,420000,260000,1,to_date('07-NOV-22','DD-MON-RR'),1,4,3,'quan-nu-qd139-mau-den-lg.png');
Insert into SYSTEM.TBL_SAN_PHAM (IDSP,NAME,DESCRIPE,INFORMATION,PRICE_IMPORT,PRICE_OLD,PRICE_NEW,QUANTITY,UPDATE_DAY,STATUS,IDTYPE,IDNH,IMG) values (172,'Quần tây QD140 màu đen',' Với mẫu quần tây, chị em công sở thoải mái hoạt động cả ngày mà không hề vướng víu, điểm quan trọng là vẫn giữ được vẻ đẹp nữ tính, thời thượng. Phần ống đứng giúp nàng che đi nhiều khuyết điểm như bắp chân to, chân vòng kiềng, da chân không đều màu, ','Miễn phí vận chuyển Giao hàng miễn phí với mức giá cố định cho các đơn hàng trên 500.000₫ HotLine  0987 567 614',320000,420000,560000,1,to_date('07-NOV-22','DD-MON-RR'),1,4,3,'quan-tay-qd140-mau-den-lg.jpg');
Insert into SYSTEM.TBL_SAN_PHAM (IDSP,NAME,DESCRIPE,INFORMATION,PRICE_IMPORT,PRICE_OLD,PRICE_NEW,QUANTITY,UPDATE_DAY,STATUS,IDTYPE,IDNH,IMG) values (173,'Quần ống đứng QD142 màu xám','Quần nữ màu xám QD142 là mẫu quần được thiết kế theo phong cách châu u. Phần ống quần thiết kế dáng thẳng đứng và rộng xuôi theo dáng người. Với thiết kế đơn giản, phù hợp với mọi vóc dáng','Miễn phí vận chuyển Giao hàng miễn phí với mức giá cố định cho các đơn hàng trên 500.000₫ HotLine  0987 567 614',320000,420000,460000,1,to_date('07-NOV-22','DD-MON-RR'),1,4,3,'quan-ong-dung-qd142-mau-xam-lg.jpg');
Insert into SYSTEM.TBL_SAN_PHAM (IDSP,NAME,DESCRIPE,INFORMATION,PRICE_IMPORT,PRICE_OLD,PRICE_NEW,QUANTITY,UPDATE_DAY,STATUS,IDTYPE,IDNH,IMG) values (201,'Đầm body cổ vuông chạy ly gân 3835- Hồng','Chất liệu Cotton lạnh, không nhăn, thoáng mát.','Mẫu đầm lụa họa tiết sang trọng. Đầm xòe cổ cách điệu thắt dây nơ 3626 tạo Guco với thiết kế phần thân trên cổ cách điệu mới lạ, tay cánh dơi, có dây thắt nơ eo tạo điểm nhấn, phần tùng dưới xòe nhiều có xẻ lai. Với thiết kế tay cánh dơi thì đây chính là sự lựa chọn hoàn hảo cho những cô nàng có cánh tay thon gọn và mịn màng. Chiếc đầm lựa chọn tông màu trắng làm chủ đạo, đồng thời kết hợp thêm họa tiết màu đen đan xen độc đáo và bố trí cân đối trên toàn bộ bề mặt. Điểm nhấn dây thắt nơ eo giúp định hình vóc dáng cho người mặc tạo nên sự duyên dáng, nữ tính và sang trọng. Chất liệu lụa Mango có độ co giản nhẹ, mặc mát, gần như không nhăn, thấm hút mồ hôi tốt, thích hợp khi diện công sở, đi tiệc, du lịch,…',480000,579000,679000,1,to_date('19-NOV-22','DD-MON-RR'),1,2,2,'3817-dam-xoe-dinh-nut-tung-gap-ly-do-18c.jpg');
REM INSERTING into SYSTEM.TBL_SAN_PHAM_CT
SET DEFINE OFF;
Insert into SYSTEM.TBL_SAN_PHAM_CT (ID,AMOUNT,MA_MS,MA_KC,MA_SP) values (1,15,1,2,1);
Insert into SYSTEM.TBL_SAN_PHAM_CT (ID,AMOUNT,MA_MS,MA_KC,MA_SP) values (81,2,1,4,10);
Insert into SYSTEM.TBL_SAN_PHAM_CT (ID,AMOUNT,MA_MS,MA_KC,MA_SP) values (82,2,3,2,49);
Insert into SYSTEM.TBL_SAN_PHAM_CT (ID,AMOUNT,MA_MS,MA_KC,MA_SP) values (83,2,2,2,48);
Insert into SYSTEM.TBL_SAN_PHAM_CT (ID,AMOUNT,MA_MS,MA_KC,MA_SP) values (84,5,3,2,5);
Insert into SYSTEM.TBL_SAN_PHAM_CT (ID,AMOUNT,MA_MS,MA_KC,MA_SP) values (85,2,3,3,15);
Insert into SYSTEM.TBL_SAN_PHAM_CT (ID,AMOUNT,MA_MS,MA_KC,MA_SP) values (86,2,2,4,51);
Insert into SYSTEM.TBL_SAN_PHAM_CT (ID,AMOUNT,MA_MS,MA_KC,MA_SP) values (87,1,2,2,2);
Insert into SYSTEM.TBL_SAN_PHAM_CT (ID,AMOUNT,MA_MS,MA_KC,MA_SP) values (88,2,3,4,2);
Insert into SYSTEM.TBL_SAN_PHAM_CT (ID,AMOUNT,MA_MS,MA_KC,MA_SP) values (101,2,3,2,50);
Insert into SYSTEM.TBL_SAN_PHAM_CT (ID,AMOUNT,MA_MS,MA_KC,MA_SP) values (102,2,2,2,51);
Insert into SYSTEM.TBL_SAN_PHAM_CT (ID,AMOUNT,MA_MS,MA_KC,MA_SP) values (103,2,2,2,5);
Insert into SYSTEM.TBL_SAN_PHAM_CT (ID,AMOUNT,MA_MS,MA_KC,MA_SP) values (104,5,2,2,102);
Insert into SYSTEM.TBL_SAN_PHAM_CT (ID,AMOUNT,MA_MS,MA_KC,MA_SP) values (105,1,2,4,1);
Insert into SYSTEM.TBL_SAN_PHAM_CT (ID,AMOUNT,MA_MS,MA_KC,MA_SP) values (121,2,3,4,163);
Insert into SYSTEM.TBL_SAN_PHAM_CT (ID,AMOUNT,MA_MS,MA_KC,MA_SP) values (141,2,2,2,2);
Insert into SYSTEM.TBL_SAN_PHAM_CT (ID,AMOUNT,MA_MS,MA_KC,MA_SP) values (142,2,2,2,10);
Insert into SYSTEM.TBL_SAN_PHAM_CT (ID,AMOUNT,MA_MS,MA_KC,MA_SP) values (143,1,1,2,172);
Insert into SYSTEM.TBL_SAN_PHAM_CT (ID,AMOUNT,MA_MS,MA_KC,MA_SP) values (144,2,2,2,167);
Insert into SYSTEM.TBL_SAN_PHAM_CT (ID,AMOUNT,MA_MS,MA_KC,MA_SP) values (145,2,3,3,163);
Insert into SYSTEM.TBL_SAN_PHAM_CT (ID,AMOUNT,MA_MS,MA_KC,MA_SP) values (146,2,2,2,171);
Insert into SYSTEM.TBL_SAN_PHAM_CT (ID,AMOUNT,MA_MS,MA_KC,MA_SP) values (147,2,2,2,168);
Insert into SYSTEM.TBL_SAN_PHAM_CT (ID,AMOUNT,MA_MS,MA_KC,MA_SP) values (69,2,2,2,14);
Insert into SYSTEM.TBL_SAN_PHAM_CT (ID,AMOUNT,MA_MS,MA_KC,MA_SP) values (70,2,3,2,48);
Insert into SYSTEM.TBL_SAN_PHAM_CT (ID,AMOUNT,MA_MS,MA_KC,MA_SP) values (148,2,3,3,171);
Insert into SYSTEM.TBL_SAN_PHAM_CT (ID,AMOUNT,MA_MS,MA_KC,MA_SP) values (161,1,1,1,173);
Insert into SYSTEM.TBL_SAN_PHAM_CT (ID,AMOUNT,MA_MS,MA_KC,MA_SP) values (162,2,1,2,173);
Insert into SYSTEM.TBL_SAN_PHAM_CT (ID,AMOUNT,MA_MS,MA_KC,MA_SP) values (163,1,1,1,172);
REM INSERTING into SYSTEM.TBL_USER
SET DEFINE OFF;
Insert into SYSTEM.TBL_USER (USER_ID,USER_NAME,PASSWORD,FULL_NAME,ENABLED) values (1,'manh@gmail.com','manh123','Do Duc Manh',1);
Insert into SYSTEM.TBL_USER (USER_ID,USER_NAME,PASSWORD,FULL_NAME,ENABLED) values (2,'sua@gmail.com','editor123','Nguyen Va Sua',1);
Insert into SYSTEM.TBL_USER (USER_ID,USER_NAME,PASSWORD,FULL_NAME,ENABLED) values (3,'user@gmail.com','user123','User name',1);
Insert into SYSTEM.TBL_USER (USER_ID,USER_NAME,PASSWORD,FULL_NAME,ENABLED) values (21,'manh12@gmail.com','manh12300','Do Van Manh',1);
Insert into SYSTEM.TBL_USER (USER_ID,USER_NAME,PASSWORD,FULL_NAME,ENABLED) values (22,'manh1234@gmail.com','manh123','Đỗ Đức Mạnh',0);
Insert into SYSTEM.TBL_USER (USER_ID,USER_NAME,PASSWORD,FULL_NAME,ENABLED) values (23,'duc@gmail.com','duc123','Nguyen Minh Duc',1);
Insert into SYSTEM.TBL_USER (USER_ID,USER_NAME,PASSWORD,FULL_NAME,ENABLED) values (24,'chuong123@gmail.com','123','Lê Bá Chương',1);
Insert into SYSTEM.TBL_USER (USER_ID,USER_NAME,PASSWORD,FULL_NAME,ENABLED) values (25,'hop@gmail.com','1234','Nguyễn huy Hợp',1);
Insert into SYSTEM.TBL_USER (USER_ID,USER_NAME,PASSWORD,FULL_NAME,ENABLED) values (26,'phiet@gmail.com','manh123','Nguyễn Tài Phiệt',1);
Insert into SYSTEM.TBL_USER (USER_ID,USER_NAME,PASSWORD,FULL_NAME,ENABLED) values (27,'chuong123@gmail.com','123','Nguyễn Tài Phiệt',1);
Insert into SYSTEM.TBL_USER (USER_ID,USER_NAME,PASSWORD,FULL_NAME,ENABLED) values (28,'minhs123@gmail.com','manh123','Văn Minh',1);
Insert into SYSTEM.TBL_USER (USER_ID,USER_NAME,PASSWORD,FULL_NAME,ENABLED) values (29,'kieule123@gmail.com','123','Nguyễn Thị Kiều Lệ',1);
Insert into SYSTEM.TBL_USER (USER_ID,USER_NAME,PASSWORD,FULL_NAME,ENABLED) values (41,'tuan@gmail.com','tuan123','Nguyễn Huy Anh Tuấn',1);
Insert into SYSTEM.TBL_USER (USER_ID,USER_NAME,PASSWORD,FULL_NAME,ENABLED) values (42,'hoang@gmail.com','tuan123','Lưu Hoàng',1);
Insert into SYSTEM.TBL_USER (USER_ID,USER_NAME,PASSWORD,FULL_NAME,ENABLED) values (43,'tan@gmail.com','1234','Nguyễn Thị Thanh Tân',1);
Insert into SYSTEM.TBL_USER (USER_ID,USER_NAME,PASSWORD,FULL_NAME,ENABLED) values (61,'loi@gmail.com','123','Nguyễn Tiến Lợi',1);
REM INSERTING into SYSTEM.TBL_USER_ROLE
SET DEFINE OFF;
Insert into SYSTEM.TBL_USER_ROLE (ID,USER_ID,ROLE_ID) values (1,1,1);
Insert into SYSTEM.TBL_USER_ROLE (ID,USER_ID,ROLE_ID) values (2,2,3);
Insert into SYSTEM.TBL_USER_ROLE (ID,USER_ID,ROLE_ID) values (3,3,2);
REM INSERTING into SYSTEM.TBL_ROLES
SET DEFINE OFF;
Insert into SYSTEM.TBL_ROLES (ROLE_ID,NAME) values (1,'ADMIN');
Insert into SYSTEM.TBL_ROLES (ROLE_ID,NAME) values (2,'USER');
Insert into SYSTEM.TBL_ROLES (ROLE_ID,NAME) values (3,'EDITOR');
REM INSERTING into SYSTEM.TBL_PHAN_HOI
SET DEFINE OFF;
REM INSERTING into SYSTEM.TBL_TIN_TUC
SET DEFINE OFF;
Insert into SYSTEM.TBL_TIN_TUC (ID,TITLE,DESCRIPE,CONTENT,TYPE_TIN,DAY_TIN,IMG,STATUS) values (2,'Tiêu đề 11','Chân váy bút chì phối nút phong cách quý cô sang trọng','Chiếc chân váy bút chì phối nút sẽ là lựa chọn hàng đầu cho nàng mê phong cách trưởng thành, sang trọng. Khám phá thêm về mẫu váy này nhé!','Tin mới',to_date('15-NOV-22','DD-MON-RR'),'chan-vay-but-chi-phoi-nut.png',1);
Insert into SYSTEM.TBL_TIN_TUC (ID,TITLE,DESCRIPE,CONTENT,TYPE_TIN,DAY_TIN,IMG,STATUS) values (3,'Tiêu đề 2','Mẫu áo kiểu hoạ tiết tay dài cho nàng công sở','Áo kiểu hoạ tiết tay dài với tính ứng dụng cao luôn là kiểu áo giúp nàng cân mọi trang phục. Chọn ngay những mẫu áo phù hợp với mình nhé!','Tin tức mới',to_date('15-NOV-22','DD-MON-RR'),'baner-mau-ao-kieu-hoa-tiet-tay-dai.png',1);
--------------------------------------------------------
--  DDL for Index SYS_C007861
--------------------------------------------------------

  CREATE UNIQUE INDEX "SYSTEM"."SYS_C007861" ON "SYSTEM"."TBL_HOA_DON" ("ID") 
  PCTFREE 10 INITRANS 2 MAXTRANS 255 COMPUTE STATISTICS 
  STORAGE(INITIAL 65536 NEXT 1048576 MINEXTENTS 1 MAXEXTENTS 2147483645
  PCTINCREASE 0 FREELISTS 1 FREELIST GROUPS 1
  BUFFER_POOL DEFAULT FLASH_CACHE DEFAULT CELL_FLASH_CACHE DEFAULT)
  TABLESPACE "SYSTEM" ;
--------------------------------------------------------
--  DDL for Index SYS_C007679
--------------------------------------------------------

  CREATE UNIQUE INDEX "SYSTEM"."SYS_C007679" ON "SYSTEM"."TBL_KHACH_HANG" ("IDKH") 
  PCTFREE 10 INITRANS 2 MAXTRANS 255 COMPUTE STATISTICS 
  STORAGE(INITIAL 65536 NEXT 1048576 MINEXTENTS 1 MAXEXTENTS 2147483645
  PCTINCREASE 0 FREELISTS 1 FREELIST GROUPS 1
  BUFFER_POOL DEFAULT FLASH_CACHE DEFAULT CELL_FLASH_CACHE DEFAULT)
  TABLESPACE "SYSTEM" ;
--------------------------------------------------------
--  DDL for Index SYS_C007680
--------------------------------------------------------

  CREATE UNIQUE INDEX "SYSTEM"."SYS_C007680" ON "SYSTEM"."TBL_KHACH_HANG" ("ACCOUNT") 
  PCTFREE 10 INITRANS 2 MAXTRANS 255 COMPUTE STATISTICS 
  STORAGE(INITIAL 65536 NEXT 1048576 MINEXTENTS 1 MAXEXTENTS 2147483645
  PCTINCREASE 0 FREELISTS 1 FREELIST GROUPS 1
  BUFFER_POOL DEFAULT FLASH_CACHE DEFAULT CELL_FLASH_CACHE DEFAULT)
  TABLESPACE "SYSTEM" ;
--------------------------------------------------------
--  DDL for Index SYS_C007749
--------------------------------------------------------

  CREATE UNIQUE INDEX "SYSTEM"."SYS_C007749" ON "SYSTEM"."TBL_LIEN_HE" ("ID") 
  PCTFREE 10 INITRANS 2 MAXTRANS 255 COMPUTE STATISTICS 
  STORAGE(INITIAL 65536 NEXT 1048576 MINEXTENTS 1 MAXEXTENTS 2147483645
  PCTINCREASE 0 FREELISTS 1 FREELIST GROUPS 1
  BUFFER_POOL DEFAULT FLASH_CACHE DEFAULT CELL_FLASH_CACHE DEFAULT)
  TABLESPACE "SYSTEM" ;
--------------------------------------------------------
--  DDL for Index SYS_C007692
--------------------------------------------------------

  CREATE UNIQUE INDEX "SYSTEM"."SYS_C007692" ON "SYSTEM"."TBL_NHAN_HIEU" ("IDNH") 
  PCTFREE 10 INITRANS 2 MAXTRANS 255 COMPUTE STATISTICS 
  STORAGE(INITIAL 65536 NEXT 1048576 MINEXTENTS 1 MAXEXTENTS 2147483645
  PCTINCREASE 0 FREELISTS 1 FREELIST GROUPS 1
  BUFFER_POOL DEFAULT FLASH_CACHE DEFAULT CELL_FLASH_CACHE DEFAULT)
  TABLESPACE "SYSTEM" ;
--------------------------------------------------------
--  DDL for Index SYS_C007718
--------------------------------------------------------

  CREATE UNIQUE INDEX "SYSTEM"."SYS_C007718" ON "SYSTEM"."TBL_MAU_SAC" ("ID") 
  PCTFREE 10 INITRANS 2 MAXTRANS 255 COMPUTE STATISTICS 
  STORAGE(INITIAL 65536 NEXT 1048576 MINEXTENTS 1 MAXEXTENTS 2147483645
  PCTINCREASE 0 FREELISTS 1 FREELIST GROUPS 1
  BUFFER_POOL DEFAULT FLASH_CACHE DEFAULT CELL_FLASH_CACHE DEFAULT)
  TABLESPACE "SYSTEM" ;
--------------------------------------------------------
--  DDL for Index SYS_C007688
--------------------------------------------------------

  CREATE UNIQUE INDEX "SYSTEM"."SYS_C007688" ON "SYSTEM"."TBL_LOAI_SAN_PHAM" ("IDTYPE") 
  PCTFREE 10 INITRANS 2 MAXTRANS 255 COMPUTE STATISTICS 
  STORAGE(INITIAL 65536 NEXT 1048576 MINEXTENTS 1 MAXEXTENTS 2147483645
  PCTINCREASE 0 FREELISTS 1 FREELIST GROUPS 1
  BUFFER_POOL DEFAULT FLASH_CACHE DEFAULT CELL_FLASH_CACHE DEFAULT)
  TABLESPACE "SYSTEM" ;
--------------------------------------------------------
--  DDL for Index SYS_C007727
--------------------------------------------------------

  CREATE UNIQUE INDEX "SYSTEM"."SYS_C007727" ON "SYSTEM"."TBL_KICH_CO" ("ID") 
  PCTFREE 10 INITRANS 2 MAXTRANS 255 COMPUTE STATISTICS 
  STORAGE(INITIAL 65536 NEXT 1048576 MINEXTENTS 1 MAXEXTENTS 2147483645
  PCTINCREASE 0 FREELISTS 1 FREELIST GROUPS 1
  BUFFER_POOL DEFAULT FLASH_CACHE DEFAULT CELL_FLASH_CACHE DEFAULT)
  TABLESPACE "SYSTEM" ;
--------------------------------------------------------
--  DDL for Index SYS_C007696
--------------------------------------------------------

  CREATE UNIQUE INDEX "SYSTEM"."SYS_C007696" ON "SYSTEM"."TBL_SAN_PHAM" ("IDSP") 
  PCTFREE 10 INITRANS 2 MAXTRANS 255 COMPUTE STATISTICS 
  STORAGE(INITIAL 65536 NEXT 1048576 MINEXTENTS 1 MAXEXTENTS 2147483645
  PCTINCREASE 0 FREELISTS 1 FREELIST GROUPS 1
  BUFFER_POOL DEFAULT FLASH_CACHE DEFAULT CELL_FLASH_CACHE DEFAULT)
  TABLESPACE "SYSTEM" ;
--------------------------------------------------------
--  DDL for Index SYS_C007729
--------------------------------------------------------

  CREATE UNIQUE INDEX "SYSTEM"."SYS_C007729" ON "SYSTEM"."TBL_SAN_PHAM_CT" ("ID") 
  PCTFREE 10 INITRANS 2 MAXTRANS 255 COMPUTE STATISTICS 
  STORAGE(INITIAL 65536 NEXT 1048576 MINEXTENTS 1 MAXEXTENTS 2147483645
  PCTINCREASE 0 FREELISTS 1 FREELIST GROUPS 1
  BUFFER_POOL DEFAULT FLASH_CACHE DEFAULT CELL_FLASH_CACHE DEFAULT)
  TABLESPACE "SYSTEM" ;
--------------------------------------------------------
--  DDL for Index SYS_C007784
--------------------------------------------------------

  CREATE UNIQUE INDEX "SYSTEM"."SYS_C007784" ON "SYSTEM"."TBL_USER" ("USER_ID") 
  PCTFREE 10 INITRANS 2 MAXTRANS 255 COMPUTE STATISTICS 
  STORAGE(INITIAL 65536 NEXT 1048576 MINEXTENTS 1 MAXEXTENTS 2147483645
  PCTINCREASE 0 FREELISTS 1 FREELIST GROUPS 1
  BUFFER_POOL DEFAULT FLASH_CACHE DEFAULT CELL_FLASH_CACHE DEFAULT)
  TABLESPACE "SYSTEM" ;
--------------------------------------------------------
--  DDL for Index SYS_C007786
--------------------------------------------------------

  CREATE UNIQUE INDEX "SYSTEM"."SYS_C007786" ON "SYSTEM"."TBL_USER_ROLE" ("ID") 
  PCTFREE 10 INITRANS 2 MAXTRANS 255 COMPUTE STATISTICS 
  STORAGE(INITIAL 65536 NEXT 1048576 MINEXTENTS 1 MAXEXTENTS 2147483645
  PCTINCREASE 0 FREELISTS 1 FREELIST GROUPS 1
  BUFFER_POOL DEFAULT FLASH_CACHE DEFAULT CELL_FLASH_CACHE DEFAULT)
  TABLESPACE "SYSTEM" ;
--------------------------------------------------------
--  DDL for Index SYS_C007654
--------------------------------------------------------

  CREATE UNIQUE INDEX "SYSTEM"."SYS_C007654" ON "SYSTEM"."TBL_ROLES" ("ROLE_ID") 
  PCTFREE 10 INITRANS 2 MAXTRANS 255 COMPUTE STATISTICS 
  STORAGE(INITIAL 65536 NEXT 1048576 MINEXTENTS 1 MAXEXTENTS 2147483645
  PCTINCREASE 0 FREELISTS 1 FREELIST GROUPS 1
  BUFFER_POOL DEFAULT FLASH_CACHE DEFAULT CELL_FLASH_CACHE DEFAULT)
  TABLESPACE "SYSTEM" ;
--------------------------------------------------------
--  DDL for Index SYS_C007660
--------------------------------------------------------

  CREATE UNIQUE INDEX "SYSTEM"."SYS_C007660" ON "SYSTEM"."TBL_ROLES" ("NAME") 
  PCTFREE 10 INITRANS 2 MAXTRANS 255 COMPUTE STATISTICS 
  STORAGE(INITIAL 65536 NEXT 1048576 MINEXTENTS 1 MAXEXTENTS 2147483645
  PCTINCREASE 0 FREELISTS 1 FREELIST GROUPS 1
  BUFFER_POOL DEFAULT FLASH_CACHE DEFAULT CELL_FLASH_CACHE DEFAULT)
  TABLESPACE "SYSTEM" ;
--------------------------------------------------------
--  DDL for Index SYS_C007761
--------------------------------------------------------

  CREATE UNIQUE INDEX "SYSTEM"."SYS_C007761" ON "SYSTEM"."TBL_PHAN_HOI" ("ID") 
  PCTFREE 10 INITRANS 2 MAXTRANS 255 COMPUTE STATISTICS 
  STORAGE(INITIAL 65536 NEXT 1048576 MINEXTENTS 1 MAXEXTENTS 2147483645
  PCTINCREASE 0 FREELISTS 1 FREELIST GROUPS 1
  BUFFER_POOL DEFAULT FLASH_CACHE DEFAULT CELL_FLASH_CACHE DEFAULT)
  TABLESPACE "SYSTEM" ;
--------------------------------------------------------
--  DDL for Index SYS_C007742
--------------------------------------------------------

  CREATE UNIQUE INDEX "SYSTEM"."SYS_C007742" ON "SYSTEM"."TBL_TIN_TUC" ("ID") 
  PCTFREE 10 INITRANS 2 MAXTRANS 255 COMPUTE STATISTICS 
  STORAGE(INITIAL 65536 NEXT 1048576 MINEXTENTS 1 MAXEXTENTS 2147483645
  PCTINCREASE 0 FREELISTS 1 FREELIST GROUPS 1
  BUFFER_POOL DEFAULT FLASH_CACHE DEFAULT CELL_FLASH_CACHE DEFAULT)
  TABLESPACE "SYSTEM" ;
--------------------------------------------------------
--  Constraints for Table TBL_HOA_DON
--------------------------------------------------------

  ALTER TABLE "SYSTEM"."TBL_HOA_DON" MODIFY ("ID" NOT NULL ENABLE);
  ALTER TABLE "SYSTEM"."TBL_HOA_DON" MODIFY ("NAME_NN" NOT NULL ENABLE);
  ALTER TABLE "SYSTEM"."TBL_HOA_DON" MODIFY ("ADDRESS" NOT NULL ENABLE);
  ALTER TABLE "SYSTEM"."TBL_HOA_DON" ADD CHECK (status IN(0,1)) ENABLE;
  ALTER TABLE "SYSTEM"."TBL_HOA_DON" ADD PRIMARY KEY ("ID")
  USING INDEX PCTFREE 10 INITRANS 2 MAXTRANS 255 COMPUTE STATISTICS 
  STORAGE(INITIAL 65536 NEXT 1048576 MINEXTENTS 1 MAXEXTENTS 2147483645
  PCTINCREASE 0 FREELISTS 1 FREELIST GROUPS 1
  BUFFER_POOL DEFAULT FLASH_CACHE DEFAULT CELL_FLASH_CACHE DEFAULT)
  TABLESPACE "SYSTEM"  ENABLE;
--------------------------------------------------------
--  Constraints for Table TBL_KHACH_HANG
--------------------------------------------------------

  ALTER TABLE "SYSTEM"."TBL_KHACH_HANG" MODIFY ("IDKH" NOT NULL ENABLE);
  ALTER TABLE "SYSTEM"."TBL_KHACH_HANG" MODIFY ("NAME" NOT NULL ENABLE);
  ALTER TABLE "SYSTEM"."TBL_KHACH_HANG" MODIFY ("ACCOUNT" NOT NULL ENABLE);
  ALTER TABLE "SYSTEM"."TBL_KHACH_HANG" MODIFY ("PASSWORD" NOT NULL ENABLE);
  ALTER TABLE "SYSTEM"."TBL_KHACH_HANG" ADD CHECK (gender IN(0,1)) ENABLE;
  ALTER TABLE "SYSTEM"."TBL_KHACH_HANG" ADD CHECK (status IN(0,1)) ENABLE;
  ALTER TABLE "SYSTEM"."TBL_KHACH_HANG" ADD PRIMARY KEY ("IDKH")
  USING INDEX PCTFREE 10 INITRANS 2 MAXTRANS 255 COMPUTE STATISTICS 
  STORAGE(INITIAL 65536 NEXT 1048576 MINEXTENTS 1 MAXEXTENTS 2147483645
  PCTINCREASE 0 FREELISTS 1 FREELIST GROUPS 1
  BUFFER_POOL DEFAULT FLASH_CACHE DEFAULT CELL_FLASH_CACHE DEFAULT)
  TABLESPACE "SYSTEM"  ENABLE;
  ALTER TABLE "SYSTEM"."TBL_KHACH_HANG" ADD UNIQUE ("ACCOUNT")
  USING INDEX PCTFREE 10 INITRANS 2 MAXTRANS 255 COMPUTE STATISTICS 
  STORAGE(INITIAL 65536 NEXT 1048576 MINEXTENTS 1 MAXEXTENTS 2147483645
  PCTINCREASE 0 FREELISTS 1 FREELIST GROUPS 1
  BUFFER_POOL DEFAULT FLASH_CACHE DEFAULT CELL_FLASH_CACHE DEFAULT)
  TABLESPACE "SYSTEM"  ENABLE;
--------------------------------------------------------
--  Constraints for Table TBL_LIEN_HE
--------------------------------------------------------

  ALTER TABLE "SYSTEM"."TBL_LIEN_HE" MODIFY ("ID" NOT NULL ENABLE);
  ALTER TABLE "SYSTEM"."TBL_LIEN_HE" MODIFY ("TITLE" NOT NULL ENABLE);
  ALTER TABLE "SYSTEM"."TBL_LIEN_HE" MODIFY ("ADDRESS" NOT NULL ENABLE);
  ALTER TABLE "SYSTEM"."TBL_LIEN_HE" MODIFY ("CALL" NOT NULL ENABLE);
  ALTER TABLE "SYSTEM"."TBL_LIEN_HE" MODIFY ("EMAIL" NOT NULL ENABLE);
  ALTER TABLE "SYSTEM"."TBL_LIEN_HE" ADD CHECK (status IN(0,1)) ENABLE;
  ALTER TABLE "SYSTEM"."TBL_LIEN_HE" ADD PRIMARY KEY ("ID")
  USING INDEX PCTFREE 10 INITRANS 2 MAXTRANS 255 COMPUTE STATISTICS 
  STORAGE(INITIAL 65536 NEXT 1048576 MINEXTENTS 1 MAXEXTENTS 2147483645
  PCTINCREASE 0 FREELISTS 1 FREELIST GROUPS 1
  BUFFER_POOL DEFAULT FLASH_CACHE DEFAULT CELL_FLASH_CACHE DEFAULT)
  TABLESPACE "SYSTEM"  ENABLE;
--------------------------------------------------------
--  Constraints for Table TBL_NHAN_HIEU
--------------------------------------------------------

  ALTER TABLE "SYSTEM"."TBL_NHAN_HIEU" MODIFY ("IDNH" NOT NULL ENABLE);
  ALTER TABLE "SYSTEM"."TBL_NHAN_HIEU" MODIFY ("NAME_BRAND" NOT NULL ENABLE);
  ALTER TABLE "SYSTEM"."TBL_NHAN_HIEU" ADD CHECK (status IN(0,1)) ENABLE;
  ALTER TABLE "SYSTEM"."TBL_NHAN_HIEU" ADD PRIMARY KEY ("IDNH")
  USING INDEX PCTFREE 10 INITRANS 2 MAXTRANS 255 COMPUTE STATISTICS 
  STORAGE(INITIAL 65536 NEXT 1048576 MINEXTENTS 1 MAXEXTENTS 2147483645
  PCTINCREASE 0 FREELISTS 1 FREELIST GROUPS 1
  BUFFER_POOL DEFAULT FLASH_CACHE DEFAULT CELL_FLASH_CACHE DEFAULT)
  TABLESPACE "SYSTEM"  ENABLE;
--------------------------------------------------------
--  Constraints for Table TBL_MAU_SAC
--------------------------------------------------------

  ALTER TABLE "SYSTEM"."TBL_MAU_SAC" MODIFY ("ID" NOT NULL ENABLE);
  ALTER TABLE "SYSTEM"."TBL_MAU_SAC" MODIFY ("NAME" NOT NULL ENABLE);
  ALTER TABLE "SYSTEM"."TBL_MAU_SAC" ADD CHECK (status IN(0,1)) ENABLE;
  ALTER TABLE "SYSTEM"."TBL_MAU_SAC" ADD PRIMARY KEY ("ID")
  USING INDEX PCTFREE 10 INITRANS 2 MAXTRANS 255 COMPUTE STATISTICS 
  STORAGE(INITIAL 65536 NEXT 1048576 MINEXTENTS 1 MAXEXTENTS 2147483645
  PCTINCREASE 0 FREELISTS 1 FREELIST GROUPS 1
  BUFFER_POOL DEFAULT FLASH_CACHE DEFAULT CELL_FLASH_CACHE DEFAULT)
  TABLESPACE "SYSTEM"  ENABLE;
--------------------------------------------------------
--  Constraints for Table TBL_LOAI_SAN_PHAM
--------------------------------------------------------

  ALTER TABLE "SYSTEM"."TBL_LOAI_SAN_PHAM" MODIFY ("IDTYPE" NOT NULL ENABLE);
  ALTER TABLE "SYSTEM"."TBL_LOAI_SAN_PHAM" MODIFY ("NAME_TYPE" NOT NULL ENABLE);
  ALTER TABLE "SYSTEM"."TBL_LOAI_SAN_PHAM" ADD CHECK (status IN(0,1)) ENABLE;
  ALTER TABLE "SYSTEM"."TBL_LOAI_SAN_PHAM" ADD PRIMARY KEY ("IDTYPE")
  USING INDEX PCTFREE 10 INITRANS 2 MAXTRANS 255 COMPUTE STATISTICS 
  STORAGE(INITIAL 65536 NEXT 1048576 MINEXTENTS 1 MAXEXTENTS 2147483645
  PCTINCREASE 0 FREELISTS 1 FREELIST GROUPS 1
  BUFFER_POOL DEFAULT FLASH_CACHE DEFAULT CELL_FLASH_CACHE DEFAULT)
  TABLESPACE "SYSTEM"  ENABLE;
--------------------------------------------------------
--  Constraints for Table TBL_KICH_CO
--------------------------------------------------------

  ALTER TABLE "SYSTEM"."TBL_KICH_CO" MODIFY ("ID" NOT NULL ENABLE);
  ALTER TABLE "SYSTEM"."TBL_KICH_CO" MODIFY ("NAME" NOT NULL ENABLE);
  ALTER TABLE "SYSTEM"."TBL_KICH_CO" ADD CHECK (status IN(0,1)) ENABLE;
  ALTER TABLE "SYSTEM"."TBL_KICH_CO" ADD PRIMARY KEY ("ID")
  USING INDEX PCTFREE 10 INITRANS 2 MAXTRANS 255 COMPUTE STATISTICS 
  STORAGE(INITIAL 65536 NEXT 1048576 MINEXTENTS 1 MAXEXTENTS 2147483645
  PCTINCREASE 0 FREELISTS 1 FREELIST GROUPS 1
  BUFFER_POOL DEFAULT FLASH_CACHE DEFAULT CELL_FLASH_CACHE DEFAULT)
  TABLESPACE "SYSTEM"  ENABLE;
--------------------------------------------------------
--  Constraints for Table TBL_SAN_PHAM
--------------------------------------------------------

  ALTER TABLE "SYSTEM"."TBL_SAN_PHAM" MODIFY ("IDSP" NOT NULL ENABLE);
  ALTER TABLE "SYSTEM"."TBL_SAN_PHAM" MODIFY ("NAME" NOT NULL ENABLE);
  ALTER TABLE "SYSTEM"."TBL_SAN_PHAM" ADD CHECK (status IN(0,1)) ENABLE;
  ALTER TABLE "SYSTEM"."TBL_SAN_PHAM" ADD PRIMARY KEY ("IDSP")
  USING INDEX PCTFREE 10 INITRANS 2 MAXTRANS 255 COMPUTE STATISTICS 
  STORAGE(INITIAL 65536 NEXT 1048576 MINEXTENTS 1 MAXEXTENTS 2147483645
  PCTINCREASE 0 FREELISTS 1 FREELIST GROUPS 1
  BUFFER_POOL DEFAULT FLASH_CACHE DEFAULT CELL_FLASH_CACHE DEFAULT)
  TABLESPACE "SYSTEM"  ENABLE;
--------------------------------------------------------
--  Constraints for Table TBL_SAN_PHAM_CT
--------------------------------------------------------

  ALTER TABLE "SYSTEM"."TBL_SAN_PHAM_CT" MODIFY ("ID" NOT NULL ENABLE);
  ALTER TABLE "SYSTEM"."TBL_SAN_PHAM_CT" ADD PRIMARY KEY ("ID")
  USING INDEX PCTFREE 10 INITRANS 2 MAXTRANS 255 COMPUTE STATISTICS 
  STORAGE(INITIAL 65536 NEXT 1048576 MINEXTENTS 1 MAXEXTENTS 2147483645
  PCTINCREASE 0 FREELISTS 1 FREELIST GROUPS 1
  BUFFER_POOL DEFAULT FLASH_CACHE DEFAULT CELL_FLASH_CACHE DEFAULT)
  TABLESPACE "SYSTEM"  ENABLE;
--------------------------------------------------------
--  Constraints for Table TBL_USER
--------------------------------------------------------

  ALTER TABLE "SYSTEM"."TBL_USER" MODIFY ("USER_ID" NOT NULL ENABLE);
  ALTER TABLE "SYSTEM"."TBL_USER" MODIFY ("USER_NAME" NOT NULL ENABLE);
  ALTER TABLE "SYSTEM"."TBL_USER" MODIFY ("PASSWORD" NOT NULL ENABLE);
  ALTER TABLE "SYSTEM"."TBL_USER" MODIFY ("FULL_NAME" NOT NULL ENABLE);
  ALTER TABLE "SYSTEM"."TBL_USER" ADD PRIMARY KEY ("USER_ID")
  USING INDEX PCTFREE 10 INITRANS 2 MAXTRANS 255 COMPUTE STATISTICS 
  STORAGE(INITIAL 65536 NEXT 1048576 MINEXTENTS 1 MAXEXTENTS 2147483645
  PCTINCREASE 0 FREELISTS 1 FREELIST GROUPS 1
  BUFFER_POOL DEFAULT FLASH_CACHE DEFAULT CELL_FLASH_CACHE DEFAULT)
  TABLESPACE "SYSTEM"  ENABLE;
--------------------------------------------------------
--  Constraints for Table TBL_USER_ROLE
--------------------------------------------------------

  ALTER TABLE "SYSTEM"."TBL_USER_ROLE" MODIFY ("ID" NOT NULL ENABLE);
  ALTER TABLE "SYSTEM"."TBL_USER_ROLE" ADD PRIMARY KEY ("ID")
  USING INDEX PCTFREE 10 INITRANS 2 MAXTRANS 255 COMPUTE STATISTICS 
  STORAGE(INITIAL 65536 NEXT 1048576 MINEXTENTS 1 MAXEXTENTS 2147483645
  PCTINCREASE 0 FREELISTS 1 FREELIST GROUPS 1
  BUFFER_POOL DEFAULT FLASH_CACHE DEFAULT CELL_FLASH_CACHE DEFAULT)
  TABLESPACE "SYSTEM"  ENABLE;
--------------------------------------------------------
--  Constraints for Table TBL_ROLES
--------------------------------------------------------

  ALTER TABLE "SYSTEM"."TBL_ROLES" MODIFY ("ROLE_ID" NOT NULL ENABLE);
  ALTER TABLE "SYSTEM"."TBL_ROLES" ADD PRIMARY KEY ("ROLE_ID")
  USING INDEX PCTFREE 10 INITRANS 2 MAXTRANS 255 COMPUTE STATISTICS 
  STORAGE(INITIAL 65536 NEXT 1048576 MINEXTENTS 1 MAXEXTENTS 2147483645
  PCTINCREASE 0 FREELISTS 1 FREELIST GROUPS 1
  BUFFER_POOL DEFAULT FLASH_CACHE DEFAULT CELL_FLASH_CACHE DEFAULT)
  TABLESPACE "SYSTEM"  ENABLE;
  ALTER TABLE "SYSTEM"."TBL_ROLES" ADD UNIQUE ("NAME")
  USING INDEX PCTFREE 10 INITRANS 2 MAXTRANS 255 COMPUTE STATISTICS 
  STORAGE(INITIAL 65536 NEXT 1048576 MINEXTENTS 1 MAXEXTENTS 2147483645
  PCTINCREASE 0 FREELISTS 1 FREELIST GROUPS 1
  BUFFER_POOL DEFAULT FLASH_CACHE DEFAULT CELL_FLASH_CACHE DEFAULT)
  TABLESPACE "SYSTEM"  ENABLE;
--------------------------------------------------------
--  Constraints for Table TBL_PHAN_HOI
--------------------------------------------------------

  ALTER TABLE "SYSTEM"."TBL_PHAN_HOI" MODIFY ("ID" NOT NULL ENABLE);
  ALTER TABLE "SYSTEM"."TBL_PHAN_HOI" MODIFY ("TITLE" NOT NULL ENABLE);
  ALTER TABLE "SYSTEM"."TBL_PHAN_HOI" MODIFY ("CONTENT" NOT NULL ENABLE);
  ALTER TABLE "SYSTEM"."TBL_PHAN_HOI" MODIFY ("DAY_GUI" NOT NULL ENABLE);
  ALTER TABLE "SYSTEM"."TBL_PHAN_HOI" MODIFY ("EMAIL" NOT NULL ENABLE);
  ALTER TABLE "SYSTEM"."TBL_PHAN_HOI" ADD CHECK (status IN(0,1)) ENABLE;
  ALTER TABLE "SYSTEM"."TBL_PHAN_HOI" ADD CHECK (watches IN(0,1)) ENABLE;
  ALTER TABLE "SYSTEM"."TBL_PHAN_HOI" ADD PRIMARY KEY ("ID")
  USING INDEX PCTFREE 10 INITRANS 2 MAXTRANS 255 COMPUTE STATISTICS 
  STORAGE(INITIAL 65536 NEXT 1048576 MINEXTENTS 1 MAXEXTENTS 2147483645
  PCTINCREASE 0 FREELISTS 1 FREELIST GROUPS 1
  BUFFER_POOL DEFAULT FLASH_CACHE DEFAULT CELL_FLASH_CACHE DEFAULT)
  TABLESPACE "SYSTEM"  ENABLE;
--------------------------------------------------------
--  Constraints for Table TBL_TIN_TUC
--------------------------------------------------------

  ALTER TABLE "SYSTEM"."TBL_TIN_TUC" MODIFY ("ID" NOT NULL ENABLE);
  ALTER TABLE "SYSTEM"."TBL_TIN_TUC" MODIFY ("TYPE_TIN" NOT NULL ENABLE);
  ALTER TABLE "SYSTEM"."TBL_TIN_TUC" MODIFY ("IMG" NOT NULL ENABLE);
  ALTER TABLE "SYSTEM"."TBL_TIN_TUC" ADD CHECK (status IN(0,1)) ENABLE;
  ALTER TABLE "SYSTEM"."TBL_TIN_TUC" ADD PRIMARY KEY ("ID")
  USING INDEX PCTFREE 10 INITRANS 2 MAXTRANS 255 COMPUTE STATISTICS 
  STORAGE(INITIAL 65536 NEXT 1048576 MINEXTENTS 1 MAXEXTENTS 2147483645
  PCTINCREASE 0 FREELISTS 1 FREELIST GROUPS 1
  BUFFER_POOL DEFAULT FLASH_CACHE DEFAULT CELL_FLASH_CACHE DEFAULT)
  TABLESPACE "SYSTEM"  ENABLE;
--------------------------------------------------------
--  Ref Constraints for Table TBL_HOA_DON
--------------------------------------------------------

  ALTER TABLE "SYSTEM"."TBL_HOA_DON" ADD FOREIGN KEY ("MA_KH")
	  REFERENCES "SYSTEM"."TBL_KHACH_HANG" ("IDKH") ENABLE;
--------------------------------------------------------
--  Ref Constraints for Table TBL_SAN_PHAM
--------------------------------------------------------

  ALTER TABLE "SYSTEM"."TBL_SAN_PHAM" ADD FOREIGN KEY ("IDTYPE")
	  REFERENCES "SYSTEM"."TBL_LOAI_SAN_PHAM" ("IDTYPE") ENABLE;
  ALTER TABLE "SYSTEM"."TBL_SAN_PHAM" ADD FOREIGN KEY ("IDNH")
	  REFERENCES "SYSTEM"."TBL_NHAN_HIEU" ("IDNH") ENABLE;
--------------------------------------------------------
--  Ref Constraints for Table TBL_SAN_PHAM_CT
--------------------------------------------------------

  ALTER TABLE "SYSTEM"."TBL_SAN_PHAM_CT" ADD FOREIGN KEY ("MA_MS")
	  REFERENCES "SYSTEM"."TBL_MAU_SAC" ("ID") ENABLE;
  ALTER TABLE "SYSTEM"."TBL_SAN_PHAM_CT" ADD FOREIGN KEY ("MA_KC")
	  REFERENCES "SYSTEM"."TBL_KICH_CO" ("ID") ENABLE;
  ALTER TABLE "SYSTEM"."TBL_SAN_PHAM_CT" ADD FOREIGN KEY ("MA_SP")
	  REFERENCES "SYSTEM"."TBL_SAN_PHAM" ("IDSP") ENABLE;
--------------------------------------------------------
--  Ref Constraints for Table TBL_USER_ROLE
--------------------------------------------------------

  ALTER TABLE "SYSTEM"."TBL_USER_ROLE" ADD FOREIGN KEY ("USER_ID")
	  REFERENCES "SYSTEM"."TBL_USER" ("USER_ID") ENABLE;
  ALTER TABLE "SYSTEM"."TBL_USER_ROLE" ADD FOREIGN KEY ("ROLE_ID")
	  REFERENCES "SYSTEM"."TBL_ROLES" ("ROLE_ID") ENABLE;
